/*
 Navicat MySQL Data Transfer

 Source Server         : 627
 Source Server Type    : MySQL
 Source Server Version : 50726
 Source Host           : localhost:3306
 Source Schema         : hos

 Target Server Type    : MySQL
 Target Server Version : 50726
 File Encoding         : 65001

 Date: 06/07/2019 12:23:32
*/

SET NAMES utf8mb4;
SET FOREIGN_KEY_CHECKS = 0;

-- ----------------------------
-- Table structure for city
-- ----------------------------
DROP TABLE IF EXISTS `city`;
CREATE TABLE `city`  (
  `city_id` int(11) NOT NULL,
  `city` varchar(20) CHARACTER SET utf8 COLLATE utf8_general_ci NOT NULL,
  PRIMARY KEY (`city_id`) USING BTREE
) ENGINE = InnoDB CHARACTER SET = utf8 COLLATE = utf8_general_ci ROW_FORMAT = Dynamic;

-- ----------------------------
-- Records of city
-- ----------------------------
INSERT INTO `city` VALUES (4729, '成都');

-- ----------------------------
-- Table structure for guest
-- ----------------------------
DROP TABLE IF EXISTS `guest`;
CREATE TABLE `guest`  (
  `g_id` int(11) NOT NULL,
  `u_id` int(11) NOT NULL,
  `g_name` varchar(16) CHARACTER SET utf8 COLLATE utf8_general_ci NOT NULL,
  `g_phone` varchar(16) CHARACTER SET utf8 COLLATE utf8_general_ci NOT NULL,
  PRIMARY KEY (`g_id`) USING BTREE,
  INDEX `FK_u_g`(`u_id`) USING BTREE,
  CONSTRAINT `FK_u_g` FOREIGN KEY (`u_id`) REFERENCES `user` (`u_id`) ON DELETE RESTRICT ON UPDATE RESTRICT
) ENGINE = InnoDB CHARACTER SET = utf8 COLLATE = utf8_general_ci ROW_FORMAT = Dynamic;

-- ----------------------------
-- Records of guest
-- ----------------------------
INSERT INTO `guest` VALUES (1000, 1, '邓康侯', '13788888888');

-- ----------------------------
-- Table structure for hotel
-- ----------------------------
DROP TABLE IF EXISTS `hotel`;
CREATE TABLE `hotel`  (
  `hotel_id` int(11) NOT NULL,
  `city_id` int(11) NULL DEFAULT NULL,
  `hotel_name` varchar(128) CHARACTER SET utf8 COLLATE utf8_general_ci NOT NULL,
  `addressline` varchar(128) CHARACTER SET utf8 COLLATE utf8_general_ci NOT NULL,
  `photo1` varchar(256) CHARACTER SET utf8 COLLATE utf8_general_ci NULL DEFAULT NULL,
  `photo2` varchar(256) CHARACTER SET utf8 COLLATE utf8_general_ci NULL DEFAULT NULL,
  `photo3` varchar(256) CHARACTER SET utf8 COLLATE utf8_general_ci NULL DEFAULT NULL,
  `photo4` varchar(256) CHARACTER SET utf8 COLLATE utf8_general_ci NULL DEFAULT NULL,
  `photo5` varchar(256) CHARACTER SET utf8 COLLATE utf8_general_ci NULL DEFAULT NULL,
  `star_rating` decimal(2, 1) NOT NULL,
  `checkin` time(0) NULL DEFAULT NULL,
  `checkout` time(0) NULL DEFAULT NULL,
  `longitude` double NOT NULL,
  `latitude` double NOT NULL,
  `overview` mediumtext CHARACTER SET utf8 COLLATE utf8_general_ci NOT NULL,
  `rates_from` int(11) NOT NULL,
  `rating_average` decimal(3, 1) NULL DEFAULT NULL,
  PRIMARY KEY (`hotel_id`) USING BTREE,
  INDEX `FK_c_h`(`city_id`) USING BTREE,
  CONSTRAINT `FK_c_h` FOREIGN KEY (`city_id`) REFERENCES `city` (`city_id`) ON DELETE RESTRICT ON UPDATE RESTRICT
) ENGINE = InnoDB CHARACTER SET = utf8 COLLATE = utf8_general_ci ROW_FORMAT = Dynamic;

-- ----------------------------
-- Records of hotel
-- ----------------------------
INSERT INTO `hotel` VALUES (1297, 4729, '成都天府丽都喜来登饭店', 'No. 15, Section 1, Ren Min Zhong Road', 'http://pix4.agoda.net/hotelimages/1297/0/bd87a86dccd8e39d308ef076bbcc4b23.jpg?s=312x', 'http://pix3.agoda.net/hotelimages/129/1297/1297_18122813570070896489.jpg?s=312x', 'http://pix4.agoda.net/hotelimages/129/1297/1297_17062019470053906921.jpg?s=312x', 'http://pix1.agoda.net/hotelimages/129/1297/1297_17092809340056881861.jpg?s=312x', 'http://pix2.agoda.net/hotelimages/129/1297/1297_17092809340056881862.jpg?s=312x', 5.0, '15:00:00', '12:00:00', 104.063461, 30.667376, '成都天府丽都喜来登饭店是一家在口碑极佳的成都酒店，不管是深度游还是一日游，这家酒店都会是您的理想之选。 酒店内设施齐全，可为住客提供舒适的住宿条件。 酒店内设施繁多，免费房内无线网络, 娱乐场, 24小时前台, 24小时送餐服务, 无障碍设施等都已配备。 客房设计极其舒适，装饰优雅，此外还配备了众多便捷设施，部分客房还配有平板电视, 无线上网, 无线上网(免费), 禁烟房, 空调等。 酒店专门为住客准备了健身中心, 桑拿, 室内游泳池, 水疗中心, 按摩等，可大大提升您对酒店的满意度。 在 成都天府丽都喜来登饭店 住宿期间，你会发现酒店内气氛温馨，服务一流，带给您宾至如归的感受。', 515, 7.7);
INSERT INTO `hotel` VALUES (2616, 4729, '四川锦江宾馆东楼', 'No.80, Second Section South Renmin Road', 'http://pix5.agoda.net/hotelimages/261/2616/2616_15072113380032685686.jpg?s=312x', 'http://pix1.agoda.net/hotelimages/261/2616/2616_16060715110043233943.jpg?s=312x', 'http://pix1.agoda.net/hotelimages/261/2616/2616_15072113380032685704.jpg?s=312x', 'http://pix4.agoda.net/hotelimages/261/2616/2616_15072113380032685706.jpg?s=312x', 'http://pix3.agoda.net/hotelimages/261/2616/2616_15072113380032685708.jpg?s=312x', 5.0, '14:00:00', '12:00:00', 104.065739, 30.648103, '锦江宾馆是商务人士和观光游客前往成都的理想下榻之处。 完善的设施，精美的装饰，这些都可让您在住宿期间感受到更多愉悦。 在酒店内，您会发现内设免费房内无线网络, 24小时安保, 每日客房清洁服务, 传真机, 医务室等设施。 部分客房内设 平板电视, 无线上网, 无线上网(免费), 按摩浴缸, 禁烟房等设施，加上设计装饰温馨舒适，定能带给住客宾至如归的感受。 为了让游客体验更完美的住宿体验，酒店提供了多种休闲设施，例如健身中心, 桑拿, 室内游泳池, 按摩, 花园等。 锦江宾馆将热情的服务与优美的环境完美地结合在了一起，可让您的成都之行变得更加难忘。', 584, 8.3);
INSERT INTO `hotel` VALUES (8363, 4729, '成都银河王朝大酒店', 'No. 88, Shun Cheng Street', 'http://pix4.agoda.net/hotelimages/836/8363/8363_15072218350032817329.jpg?s=312x', 'http://pix5.agoda.net/hotelimages/836/8363/8363_15072218360032817378.jpg?s=312x', 'http://pix3.agoda.net/hotelimages/836/8363/8363_15072218350032817330.jpg?s=312x', 'http://pix5.agoda.net/hotelimages/836/8363/8363_15072218350032817331.jpg?s=312x', 'http://pix1.agoda.net/hotelimages/836/8363/8363_15072218350032817332.jpg?s=312x', 4.0, '13:00:00', NULL, 104.071121, 30.658814, '下榻成都银河王朝大酒店，感受成都的独特魅力。 酒店内设多种设施和服务，可让您尽受舒适与酣睡。 免费房内无线网络, 娱乐场, 24小时前台, 24小时送餐服务, 无障碍设施等设施都已配备，可供住客使用。 客房舒适温馨，部分客房内设平板电视, 无线上网, 无线上网(免费), 禁烟房, 空调等设施。 为了让游客体验更完美的住宿体验，酒店提供了多种休闲设施，例如健身中心, 桑拿, 室外游泳池, 网球场, 卡拉OK等。 下榻成都银河王朝大酒店，可方便您前往成都 各区。', 323, 7.7);
INSERT INTO `hotel` VALUES (45147, 4729, '岷山饭店', 'No.55 Renmin South Rd', 'http://pix5.agoda.net/hotelimages/451/45147/45147_16052710480042787240.jpg?s=312x', 'http://pix5.agoda.net/hotelimages/451/45147/45147_16052710320042786078.jpg?s=312x', 'http://pix4.agoda.net/hotelimages/451/45147/45147_16052710480042787196.jpg?s=312x', 'http://pix1.agoda.net/hotelimages/451/45147/45147_16052710480042787197.jpg?s=312x', 'http://pix1.agoda.net/hotelimages/451/45147/45147_16052710480042787198.jpg?s=312x', 5.0, '14:00:00', '12:00:00', 104.06391, 30.650673, '位于天府广场，岷山饭店是游览成都时的完美住宿选择。 酒店设施一应俱全，可让您的住宿体验变得回味无穷。 酒店内设施繁多，24小时送餐服务, 免费房内无线网络, 24小时前台, 无障碍设施, 快速入住/退房登记等都已配备。 客房设计极其舒适，装饰优雅，此外还配备了众多便捷设施，部分客房还配有平板电视, 衣架, 免费茶水, 床单, 储物柜等。 使用健身中心, 桑拿, 室外游泳池, 水疗中心, 按摩等休闲设施，还可让您迅速恢复体力，精神焕发。 热情友好的工作人员、完善的设施、优越的地理位置、便于游客前往成都的各大景点，这些都是众多游客选择岷山饭店的原因。', 735, 8.3);
INSERT INTO `hotel` VALUES (47634, 4729, '成都天府阳光酒店', 'No.2 Taisheng Bei Road', 'http://pix3.agoda.net/hotelimages/476/47634/47634_17010616510050176591.jpg?s=312x', 'http://pix5.agoda.net/hotelimages/476/47634/47634_13092209050015928885.jpg?s=312x', 'http://pix2.agoda.net/hotelimages/476/47634/47634_15071215220032120430.jpg?s=312x', 'http://pix2.agoda.net/hotelimages/476/47634/47634_15071215220032120431.jpg?s=312x', 'http://pix1.agoda.net/hotelimages/476/47634/47634_15071215220032120432.jpg?s=312x', 4.0, '14:00:00', '12:00:00', 104.079075, 30.667917, '无论深度游还是一日游，成都天府阳光酒店都是出行成都的热门之选。 完善的设施可让您在住宿期间更加愉悦。 24小时送餐服务, 免费房内无线网络, 娱乐场, 24小时前台, 无障碍设施等设施都已配备，以供住客使用。 客房内必需品一应俱全，部分客房还配有平板电视, 地毯, 免费茶水, 储物柜, 镜子等设施，确保舒适的入住感受。 为了让游客有更完美的住宿体验，酒店提供健身中心, 桑拿, 室外游泳池, 水疗中心, 按摩等多种休闲设施。 在 成都天府阳光酒店 住宿期间，你会发现酒店内气氛温馨，服务一流，带给您宾至如归的感受。', 371, 8.0);
INSERT INTO `hotel` VALUES (47635, 4729, '成都西藏饭店', '10 North Renmin Road', 'http://pix3.agoda.net/hotelimages/47635/-1/59fb853995b2f8d52659b59c565c75cc.jpg?s=312x', 'http://pix1.agoda.net/hotelimages/476/47635/47635_14070914490020203479.jpg?s=312x', 'http://pix3.agoda.net/hotelimages/476/47635/47635_13021917140010378019.jpg?s=312x', 'http://pix1.agoda.net/hotelimages/476/47635/47635_13021917140010378028.jpg?s=312x', 'http://pix4.agoda.net/hotelimages/476/47635/47635_13021917160010378050.jpg?s=312x', 5.0, '14:00:00', '12:00:00', 104.07177, 30.683835, '下榻成都西藏饭店，感受成都的独特魅力。 不论是商务人士，还是观光游客，都可以尽情享受酒店内的设施和服务。 秉承“顾客至上”的服务理念，成都西藏饭店的工作人员将为您提供最体贴入微的服务。 客房设计极其舒适，装饰优雅，此外还配备了众多便捷设施，部分客房还配有平板电视, 地毯, 衣架, 免费茶水, 床单等。 酒店内设多种娱乐设施。 成都西藏饭店地理位置便捷，内部装饰令人倍感舒适，是游览成都时的理想住宿选择。', 584, 8.7);
INSERT INTO `hotel` VALUES (48343, 4729, '四川宾馆', '31 Zongfu Street', 'http://pix4.agoda.net/hotelimages/483/48343/48343_17050217360052750014.jpg?s=312x', 'http://pix3.agoda.net/hotelimages/483/48343/48343_17050217450052750516.jpg?s=312x', 'http://pix2.agoda.net/hotelimages/483/48343/48343_14070914160020202506.jpg?s=312x', 'http://pix2.agoda.net/hotelimages/483/48343/48343_14070914160020202510.jpg?s=312x', 'http://pix1.agoda.net/hotelimages/483/48343/48343_15102217380037101880.jpg?s=312x', 2.5, '14:00:00', '12:00:00', 104.076962, 30.658772, '四川宾馆位于成都的黄金地段，毗邻市区内的各大主要景点。 酒店拥有高品质的服务以及完善的设施，可满足游客们的所有需求。 24小时前台, 24小时送餐服务, 无障碍设施, 行李存放服务, 无线网络(公共区域)等设施都已配备，可供住客使用。 客房内必需品一应俱全，部分客房还配有平板电视, 禁烟房, 空调, 唤醒服务, 书桌等，保证您住得舒适。 酒店环境宁静，还设有健身中心, 室内游泳池等休闲设施。 四川宾馆将热情的服务与优美的环境完美地结合在了一起，可让您的成都之行变得更加难忘。', 206, 7.9);
INSERT INTO `hotel` VALUES (61518, 4729, '成都绿洲大酒店', 'No. 99 Zhong Lie Ci West Street', 'http://pix2.agoda.net/hotelimages/615/61518/61518_15030516280025835350.jpg?s=312x', 'http://pix3.agoda.net/hotelimages/615/61518/61518_14082118370021444689.jpg?s=312x', 'http://pix3.agoda.net/hotelimages/615/61518/61518_14060418280019704367.jpg?s=312x', 'http://pix3.agoda.net/hotelimages/615/61518/61518_14060418280019704370.jpg?s=312x', 'http://pix2.agoda.net/hotelimages/615/61518/61518_14060418280019704373.jpg?s=312x', 4.0, NULL, NULL, 104.0742, 30.665768, '成都绿洲大酒店是商务人士和观光游客前往成都的理想下榻之处。 酒店为顾客配备了一系列的设施和服务，旨在让各位住客能够享受更多舒适与便捷。 一切生活必需品，例如24小时送餐服务, 娱乐场, 24小时前台, 无障碍设施, 行李存放服务等都已为您准备就绪。 客房舒适温馨，部分客房内设平板电视, 无线上网, 空调, 暖气, 唤醒服务等设施。 酒店环境宁静，还设有健身中心, 桑拿, 按摩等休闲设施。 成都绿洲大酒店可满足您的一切需要，酒店员工可为您提供专业的服务。', 330, 7.2);
INSERT INTO `hotel` VALUES (61520, 4729, '成都喜玛拉雅酒店', 'No.8, 1st North Section, Second Ring', 'http://pix5.agoda.net/hotelimages/615/61520/61520_15072817110033202073.jpg?s=312x', 'http://pix1.agoda.net/hotelimages/615/61520/61520_15072313380032873254.jpg?s=312x', 'http://pix4.agoda.net/hotelimages/615/61520/61520_15072817110033202074.jpg?s=312x', 'http://pix2.agoda.net/hotelimages/615/61520/61520_15072817110033202075.jpg?s=312x', 'http://pix3.agoda.net/hotelimages/615/61520/61520_15072817110033202076.jpg?s=312x', 4.0, '15:00:00', '12:00:00', 104.051535, 30.696175, '位于金牛区其他，成都喜玛拉雅酒店是游览成都的完美住宿选择。 完善的设施可让您在住宿期间更加愉悦。 在酒店内，您会发现内设24小时前台, 行李存放服务, 无线网络(公共区域), 停车场, 送餐服务等设施。 客房内必需品一应俱全，部分客房还配有平板电视, 衣架, 免费茶水, 电热毯, 床单等设施，确保舒适的入住感受。 在享受舒适的客房之余，住客还可尽情使用酒店内的健身中心, 桑拿, 室外游泳池, 室内游泳池, 水疗中心等休闲设施。 下榻成都喜玛拉雅酒店，可方便您前往成都 各区。', 364, 7.1);
INSERT INTO `hotel` VALUES (61521, 4729, '成都家园国际酒店', '181 Airport Road', 'http://pix5.agoda.net/hotelimages/615/61521/61521_15081114160034041306.jpg?s=312x', 'http://pix4.agoda.net/hotelimages/615/61521/61521_15061010480029110101.png?s=312x', 'http://pix1.agoda.net/hotelimages/615/61521/61521_15081114160034041296.jpg?s=312x', 'http://pix5.agoda.net/hotelimages/615/61521/61521_15081114160034041298.jpg?s=312x', 'http://pix4.agoda.net/hotelimages/615/61521/61521_15081114160034041299.jpg?s=312x', 5.0, '12:00:00', '12:00:00', 104.011022, 30.577919, '成都家园国际酒店是一家5星级酒店，可让您的 成都之行变得更完美。 酒店为顾客配备了一系列的设施和服务，旨在让各位住客能够享受更多舒适与便捷。 住客们可随意使用24小时前台, 24小时送餐服务, 行李存放服务, 停车场, 送餐服务等设施。 部分客房内设 平板电视, 无线上网, 无线上网(免费), 禁烟房, 空调等设施，加上设计装饰温馨舒适，定能带给住客宾至如归的感受。 酒店内设多种娱乐设施。 热情友好的工作人员、完善的设施、优越的地理位置、便于游客前往成都的各大景点，这些都是众多游客选择成都家园国际酒店的原因。', 1443, 7.4);
INSERT INTO `hotel` VALUES (61529, 4729, '成都凯宾斯基酒店', '42 Ren Min Nan Road 4th Section', 'http://pix2.agoda.net/hotelimages/615/61529/61529_16052713560042797419.jpg?s=312x', 'http://pix5.agoda.net/hotelimages/615/61529/61529_16052712500042794181.jpg?s=312x', 'http://pix1.agoda.net/hotelimages/615/61529/61529_16052713560042797409.jpg?s=312x', 'http://pix1.agoda.net/hotelimages/615/61529/61529_16052713560042797410.jpg?s=312x', 'http://pix4.agoda.net/hotelimages/615/61529/61529_16052713560042797411.jpg?s=312x', 5.0, '14:00:00', '12:00:00', 104.0665, 30.618672, '无论深度游还是一日游，成都凯宾斯基酒店都是出行成都的热门之选。 完善的设施可让您在住宿期间更加愉悦。 住客们可尽情使用24小时送餐服务, 免费房内无线网络, 24小时前台, 无障碍设施, 快速入住/退房登记等设施。 客房装饰精美，部分还内设 平板电视, 地毯, 免费迎宾饮料, 独立客厅, 无线上网等设施。 酒店内设多种休闲娱乐设施。 下榻成都凯宾斯基酒店，可方便您前往成都 各区。', 625, 8.2);
INSERT INTO `hotel` VALUES (61530, 4729, '四川岷山拉萨大酒店', 'Near Centre, No. 88 North Street, Xiao Jiahe, Two Round. No 4 Section South Yi Huan Road.', 'http://pix5.agoda.net/hotelimages/615/61530/61530_13021911230010374206.jpg?s=312x', 'http://pix3.agoda.net/hotelimages/615/61530/61530_13021911270010374210.jpg?s=312x', 'http://pix4.agoda.net/hotelimages/615/61530/61530_13021911230010374154.jpg?s=312x', 'http://pix5.agoda.net/hotelimages/615/61530/61530_13021911230010374155.jpg?s=312x', 'http://pix3.agoda.net/hotelimages/615/61530/61530_13021911230010374156.jpg?s=312x', 4.0, '15:00:00', '12:00:00', 104.041978, 30.634349, '位于锦里商业街，四川岷山拉萨大酒店是游览成都时的完美住宿选择。 酒店设施一应俱全，可让您的住宿体验变得回味无穷。 在酒店内，您会发现内设24小时送餐服务, 无障碍设施, 无线网络(公共区域), 停车场, 送餐服务等设施。 客房内饰优雅，便捷设施齐全。 酒店专门为住客准备了健身中心, 桑拿, 水疗中心, 按摩等，可大大提升您对酒店的满意度。 在 四川岷山拉萨大酒店 住宿期间，你会发现酒店内气氛温馨，服务一流，带给您宾至如归的感受。', 447, 6.8);
INSERT INTO `hotel` VALUES (61534, 4729, '成都马瑞卡都市酒店', 'No. 42 Wei Wu Road, New Times Square', 'http://pix4.agoda.net/hotelimages/615/61534/61534_15062618000031020550.jpg?s=312x', 'http://pix3.agoda.net/hotelimages/615/61534/61534_15032516560026457990.jpg?s=312x', 'http://pix1.agoda.net/hotelimages/615/61534/61534_15062618000031020543.jpg?s=312x', 'http://pix3.agoda.net/hotelimages/615/61534/61534_15062618000031020545.jpg?s=312x', 'http://pix2.agoda.net/hotelimages/615/61534/61534_15062618000031020546.jpg?s=312x', 3.0, '12:00:00', '14:00:00', 104.070225, 30.672763, '下榻成都马瑞卡都市酒店，感受成都的独特魅力。 酒店拥有高品质的服务以及完善的设施，可满足游客们的所有需求。 享受酒店内设的免费房内无线网络, 24小时前台, 24小时送餐服务, 快速入住/退房登记, 行李存放服务等设施。 客房舒适温馨，部分客房内设免费茶水, 储物柜, 毛巾, 平板电视, 镜子等设施。 酒店内设多种娱乐设施。 不论您是带着何种目的前往成都，成都马瑞卡都市酒店都可让您感受到家的温馨与舒适。', 185, 7.2);
INSERT INTO `hotel` VALUES (61535, 4729, '成都明珠国际酒店', 'No.329 Section 2, Jiefang Road', 'http://pix3.agoda.net/hotelimages/615/61535/61535_16031415460040744658.jpg?s=312x', 'http://pix2.agoda.net/hotelimages/615/61535/61535_16031112550040684183.jpg?s=312x', 'http://pix1.agoda.net/hotelimages/615/61535/61535_14060419010019704756.jpg?s=312x', 'http://pix4.agoda.net/hotelimages/615/61535/61535_14060419010019704757.jpg?s=312x', 'http://pix1.agoda.net/hotelimages/615/61535/61535_14060419010019704760.jpg?s=312x', 3.0, '14:00:00', '12:00:00', 104.083924, 30.68265, '成都明珠国际酒店是一家3星级酒店，可让您的 成都之行变得更完美。 酒店内设施齐全，可为住客提供舒适的住宿条件。 酒店内设施繁多，免费房内无线网络, 24小时安保, 便利店, 每日客房清洁服务, 传真机等都已配备。 部分客房内设 储物柜, 衣柜, 免费茶水, 毛巾, 地毯等设施，加上设计装饰温馨舒适，定能带给住客宾至如归的感受。 酒店内设多种娱乐设施。 热情友好的工作人员、完善的设施、优越的地理位置、便于游客前往成都的各大景点，这些都是众多游客选择成都明珠国际酒店的原因。', 261, 6.2);
INSERT INTO `hotel` VALUES (61542, 4729, '成都泰合索菲特大饭店', '15 Binjiang Middle Road', 'http://pix5.agoda.net/hotelimages/615/61542/61542_16120123180049331576.jpg?s=312x', 'http://pix2.agoda.net/hotelimages/615/61542/61542_15061908460029987019.jpg?s=312x', 'http://pix3.agoda.net/hotelimages/615/61542/61542_16120123180049331558.jpg?s=312x', 'http://pix2.agoda.net/hotelimages/615/61542/61542_16120123180049331559.jpg?s=312x', 'http://pix2.agoda.net/hotelimages/615/61542/61542_16120123180049331560.jpg?s=312x', 5.0, '12:00:00', '12:00:00', 104.069881, 30.646774, '下榻成都泰合索菲特大饭店，感受成都的独特魅力。 不论是商务人士，还是观光游客，都可以尽情享受酒店内的设施和服务。 在酒店内，您会发现内设24小时送餐服务, 免费房内无线网络, 24小时前台, 无障碍设施, 行李存放服务等设施。 客房设计极其舒适，装饰优雅，此外还配备了众多便捷设施，部分客房还配有储物柜, 衣柜, 免费茶水, 毛巾, 地毯等。 酒店内设多种娱乐设施。 成都泰合索菲特大饭店是在成都 旅行休闲时的完美住宿选择。', 591, 8.2);
INSERT INTO `hotel` VALUES (61544, 4729, '成都泰逸酒店', 'No. 209 Shuhan Road', 'http://pix1.agoda.net/hotelimages/615/61544/61544_14090411030021846305.jpg?s=312x', 'http://pix1.agoda.net/hotelimages/615/61544/61544_14091217030022101836.jpg?s=312x', 'http://pix5.agoda.net/hotelimages/615/61544/61544_14091009560021999966.jpg?s=312x', 'http://pix2.agoda.net/hotelimages/615/61544/61544_14091010250022000952.jpg?s=312x', 'http://pix3.agoda.net/hotelimages/615/61544/61544_14091010280022001064.jpg?s=312x', 4.0, '15:00:00', '12:00:00', 104.026435, 30.684719, '成都泰逸酒店是商务人士和观光游客前往成都的理想下榻之处。 酒店内设施齐全，可为住客提供舒适的住宿条件。 酒店内设施繁多，所有房间设有免费无线网络, 24小时前台, 24小时送餐服务, 快速入住/退房登记, 行李存放服务等都已配备。 客房装饰精美，部分还内设 空调, 书桌, 电话, 电视, 液晶电视/等离子电视等。 住客可享受酒店内的休闲设施，包括桑拿, 室外游泳池, 室内游泳池, 按摩等。 成都泰逸酒店地理位置便捷，内部装饰令人倍感舒适，是游览成都时的理想住宿选择。', 467, 7.2);
INSERT INTO `hotel` VALUES (61552, 4729, '四川新华国际酒店', 'No.8 Guzhongshi Street', 'http://pix4.agoda.net/hotelimages/615/61552/61552_08091300010016790.jpg?s=312x', 'http://pix2.agoda.net/hotelimages/615/61552/61552_0912211048001991421.jpg?s=312x', 'http://pix2.agoda.net/hotelimages/615/61552/61552_0912211048001991422.jpg?s=312x', NULL, NULL, 4.0, NULL, NULL, 104.07241, 30.663847, '四川新华国际酒店是一家4星级酒店，可让您的 成都之行变得更完美。 完善的设施，精美的装饰，这些都可让您在住宿期间感受到更多愉悦。 所有房间设有免费无线网络, 24小时前台, 快速入住/退房登记, 行李存放服务, 客房服务等设施都已配备，可供住客使用。 设计舒适，部分客房内可提供 空调, 暖气, 唤醒服务, 书桌, 迷你吧等设施，可让您在酒店享受惬意与舒适。 酒店内设多种娱乐设施。 四川新华国际酒店将热情的服务与优美的环境完美地结合在了一起，可让您的成都之行变得更加难忘。', 289, 8.7);
INSERT INTO `hotel` VALUES (71800, 4729, '成都总府皇冠假日酒店', 'No. 31 Zong Fu Street', 'http://pix3.agoda.net/hotelimages/718/71800/71800_14032615370018863225.jpg?s=312x', 'http://pix1.agoda.net/hotelimages/718/71800/71800_14041808450019119131.jpg?s=312x', 'http://pix3.agoda.net/hotelimages/718/71800/71800_14041808360019119082.jpg?s=312x', 'http://pix4.agoda.net/hotelimages/718/71800/71800_14041808360019119083.jpg?s=312x', 'http://pix4.agoda.net/hotelimages/718/71800/71800_14041808370019119084.jpg?s=312x', 4.0, '14:00:00', '12:00:00', 104.076996, 30.658981, '成都总府皇冠假日酒店位于成都的黄金地段，毗邻市区内的各大主要景点。 酒店想您所想，力求为您提供舒适的入住体验。 成都总府皇冠假日酒店的工作人员秉承顾客至上的服务理念，为您提供宾至如归的入住感受。 采用舒适设计，部分客房内可提供 平板电视, 无线上网, 禁烟房, 空调, 书桌等设施，让您在酒店享受惬意与舒适。 酒店内设多种休闲娱乐设施。 成都总府皇冠假日酒店是在成都 旅行休闲时的完美住宿选择。', 522, 7.7);
INSERT INTO `hotel` VALUES (72647, 4729, '金玉阳光酒店', 'No.88, Shuanglin Road', 'http://pix5.agoda.net/hotelimages/726/72647/72647_15062918120031201909.jpg?s=312x', 'http://pix3.agoda.net/hotelimages/726/72647/72647_15062918100031201636.jpg?s=312x', 'http://pix1.agoda.net/hotelimages/726/72647/72647_15062918120031201868.jpg?s=312x', 'http://pix2.agoda.net/hotelimages/726/72647/72647_15062918120031201869.jpg?s=312x', 'http://pix1.agoda.net/hotelimages/726/72647/72647_15062918120031201871.jpg?s=312x', 4.0, '14:00:00', '12:00:00', 104.110283, 30.65222, '金玉阳光酒店位于成都的黄金地段，毗邻市区内的各大主要景点。 酒店设施一应俱全，可让您的住宿体验变得回味无穷。 一切生活必需品，例如免费房内无线网络, 24小时前台, 24小时送餐服务, 快速入住/退房登记, 行李存放服务等都已为您准备就绪。 部分客房内设 平板电视, 免费茶水, 储物柜, 镜子, 擦鞋工具等设施，加上设计装饰温馨舒适，定能带给住客宾至如归的感受。 住客可享受酒店内的休闲设施，包括健身中心, 乒乓球等。 金玉阳光酒店可满足您的一切需要，酒店员工可为您提供专业的服务。', 447, 8.0);
INSERT INTO `hotel` VALUES (76784, 4729, '天府美丽华酒店', 'No 15 Wu Du Road', 'http://pix1.agoda.net/hotelimages/767/76784/76784_08091300010021840.jpg?s=312x', 'http://pix5.agoda.net/hotelimages/767/76784/76784_080913000100168217.jpg?s=312x', 'http://pix3.agoda.net/hotelimages/767/76784/76784_080913000100168218.jpg?s=312x', 'http://pix3.agoda.net/hotelimages/767/76784/76784_080913000100168219.jpg?s=312x', 'http://pix3.agoda.net/hotelimages/767/76784/76784_0912230344002091688.jpg?s=312x', 4.0, '07:30:00', '14:00:00', 104.068825, 30.678717, '天府美丽华酒店位于著名的旅游观光区——文殊院商业区，可让您的旅程变得更加舒适和便捷。 完善的设施，精美的装饰，这些都可让您在住宿期间感受到更多愉悦。 24小时前台, 无障碍设施, 行李存放服务, 客房服务, 会议设施等设施都已配备，可供住客使用。 客房内饰优雅，便捷设施齐全。 酒店内设多种娱乐设施。 天府美丽华酒店地理位置便捷，内部装饰令人倍感舒适，是游览成都时的理想住宿选择。', 295, 0.0);
INSERT INTO `hotel` VALUES (91637, 4729, '正熙国际酒店', 'No 16 Section 3rd section of Hongxing Road', 'http://pix3.agoda.net/hotelimages/916/91637/91637_14022608450018468249.jpg?s=312x', 'http://pix1.agoda.net/hotelimages/916/91637/91637_14022608450018468228.jpg?s=312x', 'http://pix3.agoda.net/hotelimages/916/91637/91637_14022608450018468231.jpg?s=312x', 'http://pix5.agoda.net/hotelimages/916/91637/91637_14022608450018468234.jpg?s=312x', 'http://pix1.agoda.net/hotelimages/916/91637/91637_14022608450018468239.jpg?s=312x', 4.0, '06:00:00', '14:00:00', 104.076555, 30.656539, '下榻正熙国际酒店，感受成都的独特魅力。 酒店为顾客配备了一系列的设施和服务，旨在让各位住客能够享受更多舒适与便捷。 酒店内设施齐全，包括24小时送餐服务, 免费房内无线网络, 24小时前台, 无障碍设施, 快速入住/退房登记等。 客房内必需品一应俱全，部分客房还配有平板电视, 镜子, 毛巾, 无线上网, 无线上网(免费)等设施，确保舒适的入住感受。 酒店内设多种休闲娱乐设施。 在 正熙国际酒店 住宿期间，你会发现酒店内气氛温馨，服务一流，带给您宾至如归的感受。', 412, 6.9);
INSERT INTO `hotel` VALUES (96298, 4729, '成都世纪城假日酒店西楼', '208 West Tower, Century City Boulevard', 'http://pix1.agoda.net/hotelimages/962/96298/96298_14032716160018879978.jpg?s=312x', 'http://pix3.agoda.net/hotelimages/962/96298/96298_130410111349413.jpg?s=312x', 'http://pix4.agoda.net/hotelimages/962/96298/96298_1201060910005606343.jpg?s=312x', 'http://pix3.agoda.net/hotelimages/962/96298/96298_1201060910005606344.jpg?s=312x', 'http://pix2.agoda.net/hotelimages/962/96298/96298_1210211426007845127.jpg?s=312x', 4.0, '14:00:00', '12:00:00', 104.073875, 30.557678, '成都世纪城假日酒店西楼位于著名的旅游观光区——新国际会展中心，可让您的旅程变得更加舒适和便捷。 酒店拥有高品质的服务以及完善的设施，可满足游客们的所有需求。 住客们可随意使用免费房内无线网络, 24小时前台, 无障碍设施, 行李存放服务, 无线网络(公共区域)等设施。 客房设计极其舒适，装饰优雅，此外还配备了众多便捷设施，部分客房还配有平板电视, 无线上网, 禁烟房, 空调, 唤醒服务等。 住客可享受酒店内的休闲设施，包括健身中心, 桑拿, 按摩等。 在 成都世纪城假日酒店西楼 住宿期间，你会发现酒店内气氛温馨，服务一流，带给您宾至如归的感受。', 515, 8.2);
INSERT INTO `hotel` VALUES (103872, 4729, '成都世纪城天堂洲际大饭店', '88 Century City Boulevard', 'http://pix2.agoda.net/hotelimages/103/103872/103872_14033114350018914081.jpg?s=312x', 'http://pix5.agoda.net/hotelimages/103/103872/103872_120914095346411.jpg?s=312x', 'http://pix4.agoda.net/hotelimages/103/103872/103872_120914095344833.jpg?s=312x', 'http://pix2.agoda.net/hotelimages/103/103872/103872_120914095345333.jpg?s=312x', 'http://pix5.agoda.net/hotelimages/103/103872/103872_120914103901083.jpg?s=312x', 5.0, '14:00:00', '12:00:00', 104.072105, 30.559614, '成都世纪城天堂洲际大饭店是一家5星级酒店，可让您的 成都之行变得更完美。 不论是商务人士，还是观光游客，都可以尽情享受酒店内的设施和服务。 秉承“顾客至上”的服务理念，成都世纪城天堂洲际大饭店的工作人员将为您提供体贴入微的服务。 客房舒适温馨，部分客房内设平板电视, 无线上网, 禁烟房, 空调, 暖气等设施。 酒店内设多种娱乐设施。 成都世纪城天堂洲际大饭店是在成都 旅行休闲时的完美住宿选择。', 1044, 8.7);
INSERT INTO `hotel` VALUES (108387, 4729, '成都写庭阁欧赛尔酒店', 'No.37 Xigoutou Alley, South Taisheng Road, Jinjiang District', 'http://pix1.agoda.net/hotelimages/108/108387/108387_14061317090019847239.jpg?s=312x', 'http://pix5.agoda.net/hotelimages/108/108387/108387_14061317090019847246.jpg?s=312x', 'http://pix2.agoda.net/hotelimages/108/108387/108387_14061317090019847238.jpg?s=312x', 'http://pix1.agoda.net/hotelimages/108/108387/108387_14061317090019847240.jpg?s=312x', 'http://pix1.agoda.net/hotelimages/108/108387/108387_14061317090019847241.jpg?s=312x', 3.0, '11:00:00', '12:00:00', 104.07354, 30.659178, '成都写庭阁欧赛尔酒店位于成都的黄金地段，毗邻市区内的各大主要景点。 酒店内设施齐全，可为住客提供舒适的住宿条件。 一切生活必需品，例如免费房内无线网络, 24小时前台, 24小时送餐服务, 无障碍设施, 无线网络(公共区域)等都已为您准备就绪。 客房设计极其舒适，装饰优雅，此外还配备了众多便捷设施，部分客房还配有平板电视, 无线上网(免费), 禁烟房, 空调, 暖气等。 酒店内设多种娱乐设施。 在 成都写庭阁欧赛尔酒店 住宿期间，你会发现酒店内气氛温馨，服务一流，带给您宾至如归的感受。', 234, 6.8);
INSERT INTO `hotel` VALUES (108422, 4729, '成都香格里拉大酒店', '9 Binjiang Dong Road', 'http://pix2.agoda.net/hotelimages/108422/0/68837e1cdd26bd2e407501bd238ffb24.jpg?s=312x', 'http://pix5.agoda.net/hotelimages/108/108422/108422_16053016440042880202.jpg?s=312x', 'http://pix3.agoda.net/hotelimages/108/108422/108422_15061916330030061595.jpg?s=312x', 'http://pix5.agoda.net/hotelimages/108/108422/108422_15061916330030061604.jpg?s=312x', 'http://pix1.agoda.net/hotelimages/108/108422/108422_15061916330030061606.jpg?s=312x', 5.0, '14:00:00', '12:00:00', 104.088657, 30.641955, '成都香格里拉大酒店位于成都的黄金地段，毗邻市区内的各大主要景点。 酒店设施一应俱全，可让您的住宿体验变得回味无穷。 住客们可随意使用24小时送餐服务, 免费房内无线网络, 24小时前台, 无障碍设施, 快速入住/退房登记等设施。 部分客房内设有平板电视, 地毯, 镜子, 拖鞋, 独立客厅。 酒店环境宁静，还设有按摩浴缸, 健身中心, 桑拿, 室内游泳池, 水疗中心等休闲设施。 成都香格里拉大酒店地理位置便捷，内部装饰令人倍感舒适，是游览成都时的理想住宿选择。', 756, 8.7);
INSERT INTO `hotel` VALUES (108444, 4729, '成都望江宾馆', 'No.42 Shahepu', 'http://pix3.agoda.net/hotelimages/108444/-1/b3a88d7932ff0b01a509a1e2ac11e89f.jpg?s=312x', 'http://pix3.agoda.net/hotelimages/108/108444/108444_121225161214449.jpg?s=312x', 'http://pix4.agoda.net/hotelimages/108/108444/108444_13030516570010738419.jpg?s=312x', 'http://pix1.agoda.net/hotelimages/108/108444/108444_13030516570010738420.jpg?s=312x', 'http://pix3.agoda.net/hotelimages/108/108444/108444_13030516570010738421.jpg?s=312x', 4.0, '14:00:00', '12:00:00', 104.114041, 30.627037, '成都望江宾馆位于著名的旅游观光区——锦江区，可让您的旅程变得更加舒适和便捷。 酒店内设多种设施和服务，可让您尽受舒适与酣睡。 一切生活必需品，例如免费房内无线网络, 24小时前台, 24小时送餐服务, 无障碍设施, 行李存放服务等都已为您准备就绪。 客房装饰精美，部分还内设 平板电视, 无线上网, 无线上网(免费), 禁烟房, 空调等。 使用健身中心, 桑拿, 室内游泳池, 网球场等休闲设施，还可让您迅速恢复体力，精神焕发。 成都望江宾馆地理位置便捷，内部装饰令人倍感舒适，是游览成都时的理想住宿选择。', 1230, 8.5);
INSERT INTO `hotel` VALUES (108464, 4729, '成都海悦酒店', 'No.12 Hongxing 3rd Road Pedestrian Street, Jinjiang District', 'http://pix2.agoda.net/hotelimages/108/108464/108464_15060513480028660612.jpg?s=312x', 'http://pix5.agoda.net/hotelimages/108/108464/108464_15072914100033260070.jpg?s=312x', 'http://pix1.agoda.net/hotelimages/108/108464/108464_15060513480028660618.jpg?s=312x', 'http://pix4.agoda.net/hotelimages/108/108464/108464_15060513480028660622.jpg?s=312x', 'http://pix1.agoda.net/hotelimages/108/108464/108464_15060513480028660626.jpg?s=312x', 5.0, '14:00:00', '12:00:00', 104.077282, 30.656786, 'Harriway Hotel Chengdu位于著名的旅游观光区——春熙路商业区，让您的旅程变得更加轻松愉悦。 不论是商务人士，还是观光游客，都可以尽情享受酒店内的设施和服务。 在酒店内，您会发现内设24小时送餐服务, 免费房内无线网络, 24小时前台, 无障碍设施, 行李存放服务等设施。 部分客房内设 平板电视, 免费茶水, 储物柜, 镜子, 拖鞋等设施，加上温馨舒适的设计装饰，定能带给住客宾至如归的感受。 酒店环境清幽，还设有健身中心, 桑拿, 按摩, 花园, 蒸浴室等休闲设施。 Harriway Hotel Chengdu的工作人员专业友善，将尽力满足您各方面的需求。', 639, 8.3);
INSERT INTO `hotel` VALUES (108499, 4729, '成都八宝大酒店', 'No. 28 Babao Street Qingyang District', 'http://pix5.agoda.net/hotelimages/108/108499/108499_15031017490025964572.jpg?s=312x', 'http://pix5.agoda.net/hotelimages/108/108499/108499_18013108280061414824.jpg?s=312x', 'http://pix2.agoda.net/hotelimages/108/108499/108499_13041209450011856631.jpg?s=312x', 'http://pix5.agoda.net/hotelimages/108/108499/108499_13073116210014156703.jpg?s=312x', 'http://pix2.agoda.net/hotelimages/108/108499/108499_14052115490019511236.jpg?s=312x', 4.0, '11:00:00', '12:00:00', 104.061686, 30.67075, '成都八宝大酒店是一家在口碑极佳的成都酒店，不管是深度游还是一日游，这家酒店都会是您的理想之选。 酒店为顾客配备了一系列的设施和服务，旨在让各位住客能够享受更多舒适与便捷。 享受酒店内设的24小时送餐服务, 无障碍设施, 无线网络(公共区域), 代客泊车, 停车场等设施。 部分客房内设 平板电视, 无线上网(免费), 禁烟房, 空调, 书桌等设施，加上设计装饰温馨舒适，定能带给住客宾至如归的感受。 酒店专门为住客准备了花园等，可大大提升您对酒店的满意度。 成都八宝大酒店地理位置便捷，内部装饰令人倍感舒适，是游览成都时的理想住宿选择。', 474, 7.6);
INSERT INTO `hotel` VALUES (108573, 4729, '成都天湖宾馆', 'No.17 Wuding Road', 'http://pix4.agoda.net/hotelimages/108/108573/108573_15090609100035653577.jpg?s=312x', 'http://pix3.agoda.net/hotelimages/108/108573/108573_15090609140035653620.jpg?s=312x', 'http://pix2.agoda.net/hotelimages/108/108573/108573_15090609100035653574.jpg?s=312x', 'http://pix4.agoda.net/hotelimages/108/108573/108573_15090609100035653575.jpg?s=312x', 'http://pix4.agoda.net/hotelimages/108/108573/108573_15090609100035653576.jpg?s=312x', 3.0, '14:00:00', '12:00:00', 104.065811, 30.684211, '下榻成都天湖宾馆，感受成都的独特魅力。 酒店内设多种设施和服务，可让您尽受舒适与酣睡。 免费房内无线网络, 24小时前台, 无障碍设施, 无线网络(公共区域), 停车场等设施都已配备，可供住客使用。 客房内必需品一应俱全，部分客房还配有拖鞋, 镜子, 禁烟房, 空调, 唤醒服务等，保证您住得舒适。 酒店内设多种娱乐设施。 成都天湖宾馆是在成都 旅行休闲时的完美住宿选择。', 337, 9.2);
INSERT INTO `hotel` VALUES (108666, 4729, '成都嘉好弗斯达酒店', '9 North Taisheng Road, Qingyang District', 'http://pix5.agoda.net/hotelimages/108/108666/108666_15061214110029387011.jpg?s=312x', 'http://pix2.agoda.net/hotelimages/108/108666/108666_14070311240020135944.jpg?s=312x', 'http://pix4.agoda.net/hotelimages/108/108666/108666_15061214110029387009.jpg?s=312x', 'http://pix3.agoda.net/hotelimages/108/108666/108666_15061214110029387010.jpg?s=312x', 'http://pix2.agoda.net/hotelimages/108/108666/108666_15061214110029387014.jpg?s=312x', 3.0, '06:00:00', '00:00:00', 104.080224, 30.668444, '成都嘉好弗斯达酒店太升店位于著名的成华区区，地理位置便捷。 酒店拥有高品质的服务以及完善的设施，可满足游客们的所有需求。 免费房内无线网络, 24小时安保, 24小时前台, 无障碍设施, 无线网络(公共区域)等设施都已配备，可供住客使用。 客房内饰优雅，便捷设施齐全。 酒店内设多种娱乐设施。 不论您是带着何种目的前往成都，成都嘉好弗斯达酒店太升店都可让您感受到家的温馨与舒适。', 240, 6.9);
INSERT INTO `hotel` VALUES (108712, 4729, '成都世纪城假日酒店东楼', '208 East Tower, Century City Boulevard', 'http://pix4.agoda.net/hotelimages/108/108712/108712_14032716330018880689.jpg?s=312x', 'http://pix3.agoda.net/hotelimages/108/108712/108712_121114171603087.jpg?s=312x', 'http://pix1.agoda.net/hotelimages/108/108712/108712_0908071525001674632.jpg?s=312x', 'http://pix3.agoda.net/hotelimages/108/108712/108712_0908071525001674633.jpg?s=312x', 'http://pix1.agoda.net/hotelimages/108/108712/108712_0908071525001674634.jpg?s=312x', 4.0, '14:00:00', '12:00:00', 104.074127, 30.557604, '成都世纪假日酒店东楼位于成都的黄金地段，毗邻市区内的各大主要景点。 酒店内设施齐全，可为住客提供舒适的住宿条件。 一切生活必需品，例如所有房间设有免费无线网络, 24小时前台, 24小时客房服务, 快速入住/退房登记, 无线网络(公共区域)等都已为您准备就绪。 部分客房内设有禁烟房, 空调, 书桌, 迷你吧, 房内游戏机。 酒店专门为住客准备了按摩浴缸, 健身中心, 桑拿等，可大大提升您对酒店的满意度。 成都世纪假日酒店东楼可满足您的一切需要，酒店员工可为您提供专业的服务。', 515, 7.6);
INSERT INTO `hotel` VALUES (108736, 4729, '成都鼓楼智选假日酒店', '72 West Daqiang Street', 'http://pix4.agoda.net/hotelimages/108736/0/b207a26de4f4ebfb666371eefb4b8ff8.jpg?s=312x', 'http://pix5.agoda.net/hotelimages/108/108736/108736_130409162236489.jpg?s=312x', 'http://pix5.agoda.net/hotelimages/108736/0/3ece14b0b7aa4baf27edb1a5fc1da4ff.jpg?s=312x', 'http://pix1.agoda.net/hotelimages/108736/0/71a5d307a9a3b43637cd6e923d91da74.jpg?s=312x', 'http://pix1.agoda.net/hotelimages/108736/0/e4d1f2e13ad371ce2dcf4763fed96432.jpg?s=312x', 3.5, '14:00:00', '12:00:00', 104.072418, 30.663635, '成都鼓楼智选假日酒店是一家3星级酒店，可让您的 成都之行舒适无忧。 酒店拥有高品质的服务以及完善的设施，以求满足住客们的各类需求。 成都鼓楼智选假日酒店的工作人员秉承顾客至上的服务理念，为您提供宾至如归的入住感受。 客房舒适温馨，部分客房内设平板电视, 无线上网, 禁烟房, 空调, 唤醒服务等设施。 酒店内设多种休闲娱乐设施。 不论您出行成都的原因为何，成都鼓楼智选假日酒店都可让您感受到家的温馨与舒适。', 412, 8.3);
INSERT INTO `hotel` VALUES (109035, 4729, '成都润邦国际酒店', 'No.249 Shuhan Road', 'http://pix2.agoda.net/hotelimages/109/109035/109035_14050910160019356126.jpg?s=312x', 'http://pix4.agoda.net/hotelimages/109/109035/109035_14050910180019356146.jpg?s=312x', 'http://pix5.agoda.net/hotelimages/109/109035/109035_14050910160019356120.jpg?s=312x', 'http://pix5.agoda.net/hotelimages/109/109035/109035_14050910160019356121.jpg?s=312x', 'http://pix3.agoda.net/hotelimages/109/109035/109035_14050910160019356122.jpg?s=312x', 4.0, '14:00:00', '14:00:00', 104.025279, 30.686756, '成都润邦国际酒店是一家4星级酒店，可让您的 成都之行变得更完美。 酒店拥有高品质的服务以及完善的设施，可满足游客们的所有需求。 一切生活必需品，例如所有房间设有免费无线网络, 24小时前台, 24小时送餐服务, 无障碍设施, 快速入住/退房登记等都已为您准备就绪。 设计舒适，部分客房内可提供 液晶电视/等离子电视, 禁烟房, 空调, 唤醒服务, 书桌等设施，可让您在酒店享受惬意与舒适。 酒店内设多种娱乐设施。 成都润邦国际酒店地理位置便捷，内部装饰令人倍感舒适，是游览成都时的理想住宿选择。', 467, 7.6);
INSERT INTO `hotel` VALUES (178024, 4729, '成都新东方千禧大酒店', 'No.41，South Shenxianshu Road', 'http://pix5.agoda.net/hotelimages/178/178024/178024_16090716160046197892.jpg?s=312x', 'http://pix1.agoda.net/hotelimages/178/178024/178024_14051214100019386794.jpg?s=312x', 'http://pix2.agoda.net/hotelimages/178/178024/178024_14051217110019390976.jpg?s=312x', 'http://pix2.agoda.net/hotelimages/178/178024/178024_14051217110019390977.jpg?s=312x', 'http://pix1.agoda.net/hotelimages/178/178024/178024_14051217110019390979.jpg?s=312x', 5.0, '14:00:00', '12:00:00', 104.048885, 30.612117, '下榻成都新东方千禧大酒店，感受成都的独特魅力。 酒店拥有高品质的服务以及完善的设施，可满足游客们的所有需求。 24小时送餐服务, 免费房内无线网络, 24小时安保, 每日客房清洁服务, 纪念品商店等设施都已配备，可供住客使用。 客房内饰优雅，便捷设施齐全。 酒店专门为住客准备了按摩浴缸, 健身中心, 桑拿, 高尔夫球场(3公里范围内), 室内游泳池等，可大大提升您对酒店的满意度。 成都新东方千禧大酒店是在成都 旅行休闲时的完美住宿选择。', 598, 8.3);
INSERT INTO `hotel` VALUES (181793, 4729, '成都盛捷江畔服务公寓', 'No.1 Renmin South Road, Section 3', 'http://pix3.agoda.net/hotelimages/181/181793/181793_15080317020033553140.jpg?s=312x', 'http://pix3.agoda.net/hotelimages/181/181793/181793_16053111020042919112.jpg?s=312x', 'http://pix4.agoda.net/hotelimages/181/181793/181793_15080317030033553159.jpg?s=312x', 'http://pix5.agoda.net/hotelimages/181/181793/181793_16053111140042920030.jpg?s=312x', 'http://pix3.agoda.net/hotelimages/181/181793/181793_16053111140042920041.jpg?s=312x', 5.0, '14:00:00', '12:00:00', 104.066795, 30.646183, '成都盛捷江畔服务公寓是商务人士和观光游客前往成都的理想下榻之处。 酒店想您所想，能为您提供住宿期间的一切必需品。 24小时送餐服务, 免费房内无线网络, 24小时安保, 便利店, 每日客房清洁服务等设施都已配备，可供住客使用。 设计舒适，部分客房内可提供 平板电视, 浴室电话, 针线包, 拖鞋, 沙发等设施，可让您在酒店享受惬意与舒适。 在一天的外出观光之后，您还可以享受酒店内的休闲设施，其中包括健身中心, 桑拿, 水疗中心, 儿童乐园, 儿童娱乐室等。 成都盛捷江畔服务公寓是在成都 旅行休闲时的完美住宿选择。', 474, 8.6);
INSERT INTO `hotel` VALUES (181807, 4729, '成都首座万丽酒店', 'No 48, Section 4, South Renmin Road', 'http://pix3.agoda.net/hotelimages/181/181807/181807_15020517090025137341.jpg?s=312x', 'http://pix2.agoda.net/hotelimages/181/181807/181807_17071309010054429224.jpg?s=312x', 'http://pix2.agoda.net/hotelimages/181/181807/181807_17071110320054370615.jpg?s=312x', 'http://pix3.agoda.net/hotelimages/181/181807/181807_17071313240054435451.jpg?s=312x', 'http://pix5.agoda.net/hotelimages/181/181807/181807_17071313240054435453.jpg?s=312x', 4.5, '14:00:00', '12:00:00', 104.066663, 30.612135, '成都万丽酒店位于著名的桐梓林商业区区，地理位置便捷。 酒店为顾客配备了一系列的设施和服务，旨在让各位住客能够享受更多舒适与便捷。 24小时送餐服务, 免费房内无线网络, 24小时安保, 每日客房清洁服务, 24小时前台等设施都已配备，可供住客使用。 客房内饰优雅，便捷设施齐全。 酒店内设多种娱乐设施。 在 成都万丽酒店 住宿期间，你会发现酒店内气氛温馨，服务一流，带给您宾至如归的感受。', 701, 8.1);
INSERT INTO `hotel` VALUES (186790, 4729, '成都百花世家酒店', 'No.3 Qintai Road', 'http://pix3.agoda.net/hotelimages/186/186790/186790_15072008460032583819.jpg?s=312x', 'http://pix4.agoda.net/hotelimages/186/186790/186790_15072009170032585887.jpg?s=312x', 'http://pix1.agoda.net/hotelimages/186/186790/186790_15072008460032583817.jpg?s=312x', 'http://pix2.agoda.net/hotelimages/186/186790/186790_15072008460032583818.jpg?s=312x', 'http://pix2.agoda.net/hotelimages/186/186790/186790_15072008460032583820.jpg?s=312x', 3.0, '14:00:00', '12:00:00', 104.046021, 30.66036, '下榻成都百花世家酒店，感受成都的独特魅力。 酒店为顾客配备了一系列的设施和服务，旨在让各位住客能够享受更多舒适与便捷。 酒店内设施繁多，免费房内无线网络, 每日客房清洁服务, 24小时前台, 24小时送餐服务, 快速入住/退房登记等都已配备。 客房装饰精美，部分还内设 平板电视, 禁烟房, 空调, 暖气, 唤醒服务等。 住客可享受酒店内的休闲设施，包括花园等。 不论您是带着何种目的前往成都，成都百花世家酒店都可让您感受到家的温馨与舒适。', 199, 6.6);
INSERT INTO `hotel` VALUES (193923, 4729, '成都花园城大酒店', 'No.8 Daye Road,Yanshikou,Jinjiang Area', 'http://pix2.agoda.net/hotelimages/193/193923/193923_13081309520014257603.jpg?s=312x', 'http://pix5.agoda.net/hotelimages/193/193923/193923_13081309520014257577.jpg?s=312x', 'http://pix4.agoda.net/hotelimages/193/193923/193923_13041815160011943131.jpg?s=312x', 'http://pix3.agoda.net/hotelimages/193/193923/193923_13081309520014257604.jpg?s=312x', 'http://pix1.agoda.net/hotelimages/193/193923/193923_13081309520014257650.jpg?s=312x', 4.0, '14:00:00', '00:00:00', 104.069679, 30.652901, '位于天府广场，成都花园城大酒店是游览成都时的完美住宿选择。 完善的设施，精美的装饰，这些都可让您在住宿期间感受到更多愉悦。 24小时送餐服务, 无线网络(公共区域), 代客泊车, 停车场, 送餐服务等设施都已配备，可供住客使用。 客房内饰优雅，便捷设施齐全。 住客可享受酒店内的休闲设施，包括健身中心, 桑拿等。 成都花园城大酒店是在成都 旅行休闲时的完美住宿选择。', 433, 7.2);
INSERT INTO `hotel` VALUES (197453, 4729, '成都布衣客栈', 'No.63, Shenxian Shu South Road', 'http://pix2.agoda.net/hotelimages/197/197453/197453_15031119590026008030.jpg?s=312x', 'http://pix4.agoda.net/hotelimages/197/197453/197453_14061315350019843463.jpg?s=312x', 'http://pix4.agoda.net/hotelimages/197/197453/197453_14061315280019843172.jpg?s=312x', 'http://pix3.agoda.net/hotelimages/197/197453/197453_14061315280019843173.jpg?s=312x', 'http://pix4.agoda.net/hotelimages/197/197453/197453_14061315280019843176.jpg?s=312x', 3.0, '14:00:00', '12:00:00', 104.049334, 30.606297, '成都布衣客栈是商务人士和观光游客前往成都的理想下榻之处。 酒店内设多种设施和服务，可让您尽受舒适与酣睡。 秉承“顾客至上”的服务理念，成都布衣客栈的工作人员将为您提供最体贴入微的服务。 客房内饰优雅，便捷设施齐全。 使用高尔夫球场(3公里范围内), 网球场等休闲设施，还可让您迅速恢复体力，精神焕发。 成都布衣客栈将热情的服务与优美的环境完美地结合在了一起，可让您的成都之行变得更加难忘。', 302, 6.8);
INSERT INTO `hotel` VALUES (222032, 4729, '成都青城豪生国际酒店', 'No.33 Howard Johnson Road, Qingchengshan Town', 'http://pix2.agoda.net/hotelimages/222/222032/222032_17112504380059844247.jpg?s=312x', 'http://pix4.agoda.net/hotelimages/222/222032/222032_16100910410047560471.jpg?s=312x', 'http://pix2.agoda.net/hotelimages/222/222032/222032_16071314540044644293.jpg?s=312x', 'http://pix5.agoda.net/hotelimages/222/222032/222032_16071314540044644297.jpg?s=312x', 'http://pix2.agoda.net/hotelimages/222/222032/222032_16101111410047610882.jpg?s=312x', 5.0, '14:00:00', '12:00:00', 103.596826, 30.898454, '成都青城豪生国际酒店位于著名的都江堰区，地理位置便捷。 酒店拥有高品质的服务以及完善的设施，以求满足住客们的各类需求。 免费房内无线网络, 24小时安保, 便利店, 每日客房清洁服务, 专人办理入住退房等设施都已配备，以供住客使用。 客房内必需品一应俱全，部分客房还配有地毯, 衣架, 免费茶水, 床单, 储物柜等设施，确保舒适的入住感受。 住客可享受酒店住宿内的按摩浴缸, 健身中心, 桑拿, 温泉 , 水疗中心等休闲设施。 热情的工作人员、完善的设施、优越的位置、轻松前往成都的各大景点，这些都是众多游客选择成都青城豪生国际酒店的原因。', 852, 8.7);
INSERT INTO `hotel` VALUES (234485, 4729, '成都天之府温德姆至尊豪廷大酒店', 'NO.1088 Middle Wangcong Road, West Hi-Tech Zone', 'http://pix4.agoda.net/hotelimages/234/234485/234485_15061214090029386790.jpg?s=312x', 'http://pix4.agoda.net/hotelimages/234/234485/234485_15061115590029296571.jpg?s=312x', 'http://pix1.agoda.net/hotelimages/234/234485/234485_15061214090029386751.jpg?s=312x', 'http://pix3.agoda.net/hotelimages/234/234485/234485_15061214090029386758.jpg?s=312x', 'http://pix4.agoda.net/hotelimages/234/234485/234485_15061214090029386761.jpg?s=312x', 5.0, '14:00:00', '12:00:00', 103.900795, 30.792871, '成都天之府温德姆至尊豪廷大酒店是一家5星级酒店，可让您的 成都之行变得更完美。 酒店拥有高品质的服务以及完善的设施，可满足游客们的所有需求。 在酒店内，您会发现内设免费房内无线网络, 24小时安保, 每日客房清洁服务, 传真机, 日用品投递服务等设施。 客房装饰精美，部分还内设 平板电视, 无线上网(免费), 禁烟房, 空调, 暖气等。 酒店专门为住客准备了健身中心, 桑拿, 室内游泳池, 水疗中心, 按摩等，可大大提升您对酒店的满意度。 在 成都天之府温德姆至尊豪廷大酒店 住宿期间，你会发现酒店内气氛温馨，服务一流，带给您宾至如归的感受。', 625, 7.2);
INSERT INTO `hotel` VALUES (237499, 4729, '成都世代锦江国际酒店', 'No.59 Xiananda Street', 'http://pix1.agoda.net/hotelimages/237/237499/237499_120920102658.jpg?s=312x', 'http://pix3.agoda.net/hotelimages/237/237499/237499_14120917140023859296.jpg?s=312x', 'http://pix2.agoda.net/hotelimages/237/237499/237499_120920103931524.jpg?s=312x', 'http://pix2.agoda.net/hotelimages/237/237499/237499_120920103934540.jpg?s=312x', 'http://pix5.agoda.net/hotelimages/237/237499/237499_120920103939759.jpg?s=312x', 4.0, '10:00:00', '00:00:00', 104.061504, 30.648082, '成都世代锦江国际酒店是一家在口碑极佳的成都酒店，不管是深度游还是一日游，这家酒店都会是您的理想之选。 酒店内设多种设施和服务，可让您尽受舒适与酣睡。 一切生活必需品，例如24小时前台, 无线网络(公共区域), 代客泊车, 停车场, 送餐服务等都已为您准备就绪。 部分客房内设有禁烟房, 空调, 书桌, 遮光布, LAN宽带上网(免费)。 酒店专门为住客准备了健身中心, 桑拿, 温泉 , 水疗中心, 按摩等，可大大提升您对酒店的满意度。 热情友好的工作人员、完善的设施、优越的地理位置、便于游客前往成都的各大景点，这些都是众多游客选择成都世代锦江国际酒店的原因。', 632, 6.2);
INSERT INTO `hotel` VALUES (241347, 4729, '成都仁恒辉盛阁国际公寓', 'No.111, Zhihui Street, Jinjiang District', 'http://pix4.agoda.net/hotelimages/241/241347/241347_16053112460042930122.jpg?s=312x', 'http://pix4.agoda.net/hotelimages/241/241347/241347_16053115100042938550.jpg?s=312x', 'http://pix4.agoda.net/hotelimages/241/241347/241347_15060512480028650603.jpg?s=312x', 'http://pix5.agoda.net/hotelimages/241/241347/241347_15060512480028650604.jpg?s=312x', 'http://pix2.agoda.net/hotelimages/241/241347/241347_15060512480028650607.jpg?s=312x', 5.0, '14:00:00', '12:00:00', 104.068268, 30.651476, '成都仁恒辉盛阁酒店公寓位于著名的旅游观光区——天府广场，让您的旅程变得更加轻松愉悦。 酒店设施一应俱全，确保您享有良好的住宿体验。 住客们可尽情使用免费房内无线网络, 每日客房清洁服务, 厨房, 出租车服务, 票务服务等设施。 部分客房内设有平板电视, 浴室电话, 免费茶水, 储物柜, 镜子。 酒店专为住客准备了健身中心, 桑拿, 室内游泳池, 儿童乐园, 儿童娱乐室等设施，可大大提升您对酒店的满意度。 成都仁恒辉盛阁酒店公寓的工作人员专业友善，将尽力满足您各方面的需求。', 797, 9.2);
INSERT INTO `hotel` VALUES (246238, 4729, '锦江之星成都东风大桥酒店', 'No.15, second section East Dongfeng Road', 'http://pix2.agoda.net/hotelimages/246/246238/246238_15032723400026556676.jpg?s=312x', 'http://pix5.agoda.net/hotelimages/246/246238/246238_1209290716007645401.jpg?s=312x', 'http://pix2.agoda.net/hotelimages/246/246238/246238_14051517540019437506.jpg?s=312x', 'http://pix1.agoda.net/hotelimages/246/246238/246238_14051517540019437507.jpg?s=312x', 'http://pix3.agoda.net/hotelimages/246/246238/246238_14051517540019437508.jpg?s=312x', 2.0, '08:00:00', '12:00:00', 104.088829, 30.652958, '锦江之星成都东风大桥酒店位于著名的旅游观光区——春熙路商业区，可让您的旅程变得更加舒适和便捷。 酒店内设多种设施和服务，可让您尽受舒适与酣睡。 秉承“顾客至上”的服务理念，锦江之星成都东风大桥酒店的工作人员将为您提供最体贴入微的服务。 部分客房内设有平板电视, 无线上网, 无线上网(免费), 禁烟房, 空调。 酒店内设多种娱乐设施。 下榻锦江之星成都东风大桥酒店，可方便您前往成都 各区。', 185, 7.6);
INSERT INTO `hotel` VALUES (246239, 4729, '锦江之星成都体育学院酒店', 'No.115, 1st section, West 1st Ring', 'http://pix2.agoda.net/hotelimages/246/246239/246239_14061915490019929285.jpg?s=312x', 'http://pix2.agoda.net/hotelimages/246/246239/246239_1012131401003344415.jpg?s=312x', 'http://pix1.agoda.net/hotelimages/246/246239/246239_14061915490019929278.jpg?s=312x', 'http://pix3.agoda.net/hotelimages/246/246239/246239_14061915490019929282.jpg?s=312x', 'http://pix2.agoda.net/hotelimages/246/246239/246239_14061915490019929283.jpg?s=312x', 2.0, NULL, '14:00:00', 104.041386, 30.651499, '位于锦里商业街，锦江之星成都体育学院酒店是游览成都时的完美住宿选择。 完善的设施，精美的装饰，这些都可让您在住宿期间感受到更多愉悦。 秉承“顾客至上”的服务理念，锦江之星成都体育学院酒店的工作人员将为您提供最体贴入微的服务。 部分客房内设 平板电视, 无线上网, 无线上网(免费), 禁烟房, 空调等设施，加上设计装饰温馨舒适，定能带给住客宾至如归的感受。 酒店内设多种娱乐设施。 在 锦江之星成都体育学院酒店 住宿期间，你会发现酒店内气氛温馨，服务一流，带给您宾至如归的感受。', 185, 6.9);
INSERT INTO `hotel` VALUES (246240, 4729, '锦江之星成都文殊院地铁站酒店', 'No. 3, Yinsi Road', 'http://pix5.agoda.net/hotelimages/246/246240/246240_15061809550029861522.jpg?s=312x', 'http://pix3.agoda.net/hotelimages/246/246240/246240_1012131404003344441.jpg?s=312x', 'http://pix5.agoda.net/hotelimages/246/246240/246240_15061809550029861500.jpg?s=312x', 'http://pix2.agoda.net/hotelimages/246/246240/246240_15061809550029861501.jpg?s=312x', 'http://pix3.agoda.net/hotelimages/246/246240/246240_15061809550029861502.jpg?s=312x', 2.0, '08:00:00', '12:00:00', 104.07256, 30.671185, '锦江之星成都文殊院地铁站酒店位于成都的黄金地段，毗邻市区内的各大主要景点。 酒店拥有高品质的服务以及完善的设施，可满足游客们的所有需求。 秉承“顾客至上”的服务理念，锦江之星成都文殊院地铁站酒店的工作人员将为您提供最体贴入微的服务。 客房装饰精美，部分还内设 平板电视, 无线上网, 无线上网(免费), 禁烟房, 空调等。 酒店内设多种娱乐设施。 热情友好的工作人员、完善的设施、优越的地理位置、便于游客前往成都的各大景点，这些都是众多游客选择锦江之星成都文殊院地铁站酒店的原因。', 179, 7.6);
INSERT INTO `hotel` VALUES (246247, 4729, '锦江之星成都金仙桥路酒店', 'No.5, Jinxianqiao, Beixiangzi', 'http://pix3.agoda.net/hotelimages/246/246247/246247_15062914400031167524.jpg?s=312x', 'http://pix5.agoda.net/hotelimages/246/246247/246247_15032618270026505337.jpg?s=312x', 'http://pix3.agoda.net/hotelimages/246/246247/246247_15062914400031167520.jpg?s=312x', 'http://pix3.agoda.net/hotelimages/246/246247/246247_15062914400031167521.jpg?s=312x', 'http://pix5.agoda.net/hotelimages/246/246247/246247_15062914400031167522.jpg?s=312x', 2.0, '14:00:00', '12:00:00', 104.052544, 30.677192, '锦江之星成都金仙桥路酒店是一家2星级酒店，可让您的 成都之行变得更完美。 酒店为顾客配备了一系列的设施和服务，旨在让各位住客能够享受更多舒适与便捷。 24小时前台, 24小时送餐服务, 无线网络(公共区域), 停车场, 送餐服务等设施都已配备，可供住客使用。 客房内必需品一应俱全，部分客房还配有平板电视, 无线上网, 无线上网(免费), 空调, 暖气等，保证您住得舒适。 酒店内设多种娱乐设施。 锦江之星成都金仙桥路酒店可满足您的一切需要，酒店员工可为您提供专业的服务。', 179, 7.8);
INSERT INTO `hotel` VALUES (255273, 4729, '成都新希望武侯智选假日酒店', 'No. 5, The 1st Western Section of 2nd Ring Road, Wuhou District', 'http://pix1.agoda.net/hotelimages/255273/0/1e4acae0706b5582942f4ac60719bed9.jpg?s=312x', 'http://pix3.agoda.net/hotelimages/255/255273/255273_130408144034922.jpg?s=312x', 'http://pix2.agoda.net/hotelimages/255273/0/7f52e1eef29e2ad0f77affe3fb7d19a5.jpg?s=312x', 'http://pix4.agoda.net/hotelimages/255273/0/7d3c0657cd574fa4805b03bbe98164f1.jpg?s=312x', 'http://pix1.agoda.net/hotelimages/255273/0/5df360d0598adf967a87313a9f0997a8.jpg?s=312x', 3.5, '14:00:00', '14:00:00', 104.026718, 30.640129, '成都武侯智选假日酒店是一家4星级酒店，可让您的 成都之行舒适无忧。 酒店想您所想，力求为您提供舒适的入住体验。 成都武侯智选假日酒店的工作人员秉承顾客至上的服务理念，为您提供宾至如归的入住感受。 客房舒适温馨，部分客房内设平板电视, 无线上网, 禁烟房, 空调, 暖气等设施。 酒店内设多种休闲娱乐设施。 在 成都武侯智选假日酒店 住宿期间，你会发现酒店内气氛温馨，服务一流，带给您宾至如归的感受。', 447, 7.8);
INSERT INTO `hotel` VALUES (255331, 4729, '格林豪泰成都人民公园酒店', '34 Dong Cheng Gen Shang Jie', 'http://pix1.agoda.net/hotelimages/255/255331/255331_15052916150028040982.jpg?s=312x', 'http://pix4.agoda.net/hotelimages/255/255331/255331_1103021304003814495.jpg?s=312x', 'http://pix4.agoda.net/hotelimages/255/255331/255331_15052916150028040967.jpg?s=312x', 'http://pix2.agoda.net/hotelimages/255/255331/255331_15052916150028040968.jpg?s=312x', 'http://pix3.agoda.net/hotelimages/255/255331/255331_15052916150028040969.jpg?s=312x', 3.0, '06:00:00', '12:00:00', 104.060891, 30.662556, '下榻格林豪泰成都人民公园酒店，感受成都的独特魅力。 酒店拥有高品质的服务以及完善的设施，可满足游客们的所有需求。 停车场, 送餐服务, 餐厅, 洗衣服务, 电梯等设施都已配备，可供住客使用。 客房舒适温馨，部分客房内设无线上网, 无线上网(免费), 禁烟房, 空调, 暖气等设施。 酒店内设多种娱乐设施。 在 格林豪泰成都人民公园酒店 住宿期间，你会发现酒店内气氛温馨，服务一流，带给您宾至如归的感受。', 151, 7.0);

-- ----------------------------
-- Table structure for r_img
-- ----------------------------
DROP TABLE IF EXISTS `r_img`;
CREATE TABLE `r_img`  (
  `room_img_id` int(11) NOT NULL,
  `room_id` int(11) NULL DEFAULT NULL,
  `img` varchar(128) CHARACTER SET utf8 COLLATE utf8_general_ci NOT NULL,
  PRIMARY KEY (`room_img_id`) USING BTREE,
  INDEX `FK_r_img`(`room_id`) USING BTREE,
  CONSTRAINT `FK_r_img` FOREIGN KEY (`room_id`) REFERENCES `room` (`room_id`) ON DELETE RESTRICT ON UPDATE RESTRICT
) ENGINE = InnoDB CHARACTER SET = utf8 COLLATE = utf8_general_ci ROW_FORMAT = Dynamic;

-- ----------------------------
-- Records of r_img
-- ----------------------------
INSERT INTO `r_img` VALUES (1, 1, 'http://pix2.agoda.net/hotelimages/129/1297/1297_17092809340056881862.jpg?s=312x');

-- ----------------------------
-- Table structure for r_order
-- ----------------------------
DROP TABLE IF EXISTS `r_order`;
CREATE TABLE `r_order`  (
  `o_id` int(11) NOT NULL AUTO_INCREMENT,
  `u_id` int(11) NOT NULL,
  `room_id` int(11) NOT NULL,
  `o_time` datetime(0) NOT NULL,
  `arr_date` date NOT NULL,
  `dep_date` date NOT NULL,
  `quantity` int(11) NOT NULL,
  `total_price` int(11) NOT NULL,
  `g_name` varchar(20) CHARACTER SET utf8 COLLATE utf8_general_ci NOT NULL,
  `g_phone` varchar(16) CHARACTER SET utf8 COLLATE utf8_general_ci NOT NULL,
  `o_status` varchar(10) CHARACTER SET utf8 COLLATE utf8_general_ci NOT NULL,
  PRIMARY KEY (`o_id`) USING BTREE,
  INDEX `FK_r_o`(`room_id`) USING BTREE,
  INDEX `FK_u_o`(`u_id`) USING BTREE,
  CONSTRAINT `FK_r_o` FOREIGN KEY (`room_id`) REFERENCES `room` (`room_id`) ON DELETE RESTRICT ON UPDATE RESTRICT,
  CONSTRAINT `FK_u_o` FOREIGN KEY (`u_id`) REFERENCES `user` (`u_id`) ON DELETE RESTRICT ON UPDATE RESTRICT
) ENGINE = InnoDB AUTO_INCREMENT = 13 CHARACTER SET = utf8 COLLATE = utf8_general_ci ROW_FORMAT = Dynamic;

-- ----------------------------
-- Records of r_order
-- ----------------------------
INSERT INTO `r_order` VALUES (5, 5, 2, '2019-06-30 15:41:26', '2019-06-24', '2019-06-25', 1, 200, '邓康侯', '13788888888', '待出行');
INSERT INTO `r_order` VALUES (6, 3, 1, '2019-07-05 13:52:40', '2019-07-05', '2019-07-05', 1, 100, '1', '1', '未入住');
INSERT INTO `r_order` VALUES (8, 1, 2, '2019-07-05 18:58:07', '2019-07-05', '2019-07-06', 1, 200, '1', '1', '已退订');
INSERT INTO `r_order` VALUES (10, 3, 1, '2019-07-06 08:55:48', '2019-07-05', '2019-07-06', 1, 100, '1', '1', '已退订');
INSERT INTO `r_order` VALUES (11, 3, 1, '2019-07-06 08:55:53', '2019-07-05', '2019-07-06', 1, 100, '1', '1', '已退订');
INSERT INTO `r_order` VALUES (12, 1, 18, '2019-07-06 12:20:02', '2019-07-06', '2019-07-07', 2, 600, '邓康侯', '4', '已退订');

-- ----------------------------
-- Table structure for room
-- ----------------------------
DROP TABLE IF EXISTS `room`;
CREATE TABLE `room`  (
  `room_id` int(11) NOT NULL,
  `hotel_id` int(11) NULL DEFAULT NULL,
  `room_type` varchar(30) CHARACTER SET utf8 COLLATE utf8_general_ci NOT NULL,
  `breakfast` varchar(10) CHARACTER SET utf8 COLLATE utf8_general_ci NOT NULL,
  `price` int(11) NOT NULL,
  `amout` int(11) NOT NULL,
  PRIMARY KEY (`room_id`) USING BTREE,
  INDEX `FK_h_r`(`hotel_id`) USING BTREE,
  CONSTRAINT `FK_h_r` FOREIGN KEY (`hotel_id`) REFERENCES `hotel` (`hotel_id`) ON DELETE RESTRICT ON UPDATE RESTRICT
) ENGINE = InnoDB CHARACTER SET = utf8 COLLATE = utf8_general_ci ROW_FORMAT = Dynamic;

-- ----------------------------
-- Records of room
-- ----------------------------
INSERT INTO `room` VALUES (1, 1297, '青旅', '有早餐', 100, 5);
INSERT INTO `room` VALUES (2, 1297, '大床房', '有早餐', 200, 5);
INSERT INTO `room` VALUES (3, 2616, '双人房', '有早餐', 300, 10);
INSERT INTO `room` VALUES (4, 2616, '单人房', '无早餐', 100, 10);
INSERT INTO `room` VALUES (5, 8363, '大床房', '有早餐', 200, 10);
INSERT INTO `room` VALUES (6, 8363, '双人房', '有早餐', 300, 10);
INSERT INTO `room` VALUES (7, 45147, '单人房', '无早餐', 100, 10);
INSERT INTO `room` VALUES (8, 45147, '大床房', '有早餐', 200, 10);
INSERT INTO `room` VALUES (9, 47634, '双人房', '有早餐', 300, 10);
INSERT INTO `room` VALUES (10, 47635, '单人房', '无早餐', 100, 10);
INSERT INTO `room` VALUES (11, 48343, '大床房', '有早餐', 200, 10);
INSERT INTO `room` VALUES (12, 61518, '双人房', '有早餐', 300, 10);
INSERT INTO `room` VALUES (13, 61520, '单人房', '无早餐', 100, 10);
INSERT INTO `room` VALUES (14, 61521, '大床房', '有早餐', 200, 10);
INSERT INTO `room` VALUES (15, 61529, '双人房', '有早餐', 300, 10);
INSERT INTO `room` VALUES (16, 61530, '单人房', '无早餐', 100, 10);
INSERT INTO `room` VALUES (17, 61534, '大床房', '有早餐', 200, 10);
INSERT INTO `room` VALUES (18, 61535, '双人房', '有早餐', 300, 10);
INSERT INTO `room` VALUES (19, 61542, '单人房', '无早餐', 100, 10);
INSERT INTO `room` VALUES (20, 61544, '大床房', '有早餐', 200, 10);
INSERT INTO `room` VALUES (21, 61552, '双人房', '有早餐', 300, 10);
INSERT INTO `room` VALUES (22, 71800, '单人房', '无早餐', 100, 10);
INSERT INTO `room` VALUES (23, 72647, '大床房', '有早餐', 200, 10);
INSERT INTO `room` VALUES (24, 76784, '双人房', '有早餐', 300, 10);
INSERT INTO `room` VALUES (25, 91637, '单人房', '无早餐', 100, 10);
INSERT INTO `room` VALUES (26, 96298, '大床房', '有早餐', 200, 10);
INSERT INTO `room` VALUES (27, 103872, '双人房', '有早餐', 300, 10);
INSERT INTO `room` VALUES (28, 108387, '单人房', '无早餐', 100, 10);
INSERT INTO `room` VALUES (29, 108422, '大床房', '有早餐', 200, 10);
INSERT INTO `room` VALUES (30, 108444, '双人房', '有早餐', 300, 10);
INSERT INTO `room` VALUES (31, 108464, '单人房', '无早餐', 100, 10);
INSERT INTO `room` VALUES (32, 108499, '大床房', '有早餐', 200, 10);
INSERT INTO `room` VALUES (33, 108573, '双人房', '有早餐', 300, 10);
INSERT INTO `room` VALUES (34, 108666, '单人房', '无早餐', 100, 10);
INSERT INTO `room` VALUES (35, 108712, '大床房', '有早餐', 200, 10);
INSERT INTO `room` VALUES (36, 108736, '双人房', '有早餐', 300, 10);
INSERT INTO `room` VALUES (37, 109035, '单人房', '无早餐', 100, 10);
INSERT INTO `room` VALUES (38, 178024, '大床房', '有早餐', 200, 10);
INSERT INTO `room` VALUES (39, 181793, '双人房', '有早餐', 300, 10);
INSERT INTO `room` VALUES (40, 181807, '单人房', '无早餐', 100, 10);
INSERT INTO `room` VALUES (41, 186790, '大床房', '有早餐', 200, 10);
INSERT INTO `room` VALUES (42, 193923, '双人房', '有早餐', 300, 10);
INSERT INTO `room` VALUES (43, 197453, '单人房', '无早餐', 100, 10);
INSERT INTO `room` VALUES (44, 222032, '大床房', '有早餐', 200, 10);
INSERT INTO `room` VALUES (45, 234485, '双人房', '有早餐', 300, 10);
INSERT INTO `room` VALUES (46, 237499, '单人房', '无早餐', 100, 10);
INSERT INTO `room` VALUES (47, 241347, '大床房', '有早餐', 200, 10);
INSERT INTO `room` VALUES (48, 246238, '双人房', '有早餐', 300, 10);
INSERT INTO `room` VALUES (49, 246239, '单人房', '无早餐', 100, 10);
INSERT INTO `room` VALUES (50, 246240, '大床房', '有早餐', 200, 10);
INSERT INTO `room` VALUES (51, 246247, '双人房', '有早餐', 300, 10);
INSERT INTO `room` VALUES (52, 255273, '单人房', '无早餐', 100, 10);
INSERT INTO `room` VALUES (53, 255331, '大床房', '有早餐', 200, 10);
INSERT INTO `room` VALUES (54, 255331, '双人房', '有早餐', 300, 10);

-- ----------------------------
-- Table structure for room_quantity
-- ----------------------------
DROP TABLE IF EXISTS `room_quantity`;
CREATE TABLE `room_quantity`  (
  `room_id` int(11) NOT NULL,
  `r_date` date NOT NULL,
  `remain` int(11) NOT NULL,
  PRIMARY KEY (`room_id`, `r_date`) USING BTREE,
  CONSTRAINT `FK_r_rq` FOREIGN KEY (`room_id`) REFERENCES `room` (`room_id`) ON DELETE RESTRICT ON UPDATE RESTRICT
) ENGINE = InnoDB CHARACTER SET = utf8 COLLATE = utf8_general_ci ROW_FORMAT = Dynamic;

-- ----------------------------
-- Records of room_quantity
-- ----------------------------
INSERT INTO `room_quantity` VALUES (1, '2019-07-05', 10);
INSERT INTO `room_quantity` VALUES (1, '2019-07-06', 10);
INSERT INTO `room_quantity` VALUES (1, '2019-07-07', 10);
INSERT INTO `room_quantity` VALUES (1, '2019-07-08', 10);
INSERT INTO `room_quantity` VALUES (1, '2019-07-09', 10);
INSERT INTO `room_quantity` VALUES (1, '2019-07-10', 10);
INSERT INTO `room_quantity` VALUES (1, '2019-07-11', 10);
INSERT INTO `room_quantity` VALUES (1, '2019-07-12', 10);
INSERT INTO `room_quantity` VALUES (1, '2019-07-13', 10);
INSERT INTO `room_quantity` VALUES (1, '2019-07-14', 10);
INSERT INTO `room_quantity` VALUES (1, '2019-07-15', 10);
INSERT INTO `room_quantity` VALUES (1, '2019-07-16', 10);
INSERT INTO `room_quantity` VALUES (1, '2019-07-17', 10);
INSERT INTO `room_quantity` VALUES (1, '2019-07-18', 10);
INSERT INTO `room_quantity` VALUES (1, '2019-07-19', 10);
INSERT INTO `room_quantity` VALUES (1, '2019-07-20', 10);
INSERT INTO `room_quantity` VALUES (1, '2019-07-21', 10);
INSERT INTO `room_quantity` VALUES (1, '2019-07-22', 10);
INSERT INTO `room_quantity` VALUES (1, '2019-07-23', 10);
INSERT INTO `room_quantity` VALUES (1, '2019-07-24', 10);
INSERT INTO `room_quantity` VALUES (1, '2019-07-25', 10);
INSERT INTO `room_quantity` VALUES (1, '2019-07-26', 10);
INSERT INTO `room_quantity` VALUES (1, '2019-07-27', 10);
INSERT INTO `room_quantity` VALUES (1, '2019-07-28', 10);
INSERT INTO `room_quantity` VALUES (1, '2019-07-29', 10);
INSERT INTO `room_quantity` VALUES (1, '2019-07-30', 10);
INSERT INTO `room_quantity` VALUES (1, '2019-07-31', 10);
INSERT INTO `room_quantity` VALUES (1, '2019-08-01', 10);
INSERT INTO `room_quantity` VALUES (1, '2019-08-02', 10);
INSERT INTO `room_quantity` VALUES (1, '2019-08-03', 10);
INSERT INTO `room_quantity` VALUES (1, '2019-08-04', 10);
INSERT INTO `room_quantity` VALUES (1, '2019-08-05', 10);
INSERT INTO `room_quantity` VALUES (1, '2019-08-06', 10);
INSERT INTO `room_quantity` VALUES (1, '2019-08-07', 10);
INSERT INTO `room_quantity` VALUES (1, '2019-08-08', 10);
INSERT INTO `room_quantity` VALUES (1, '2019-08-09', 10);
INSERT INTO `room_quantity` VALUES (2, '2019-07-05', 10);
INSERT INTO `room_quantity` VALUES (2, '2019-07-06', 10);
INSERT INTO `room_quantity` VALUES (2, '2019-07-07', 10);
INSERT INTO `room_quantity` VALUES (2, '2019-07-08', 10);
INSERT INTO `room_quantity` VALUES (2, '2019-07-09', 10);
INSERT INTO `room_quantity` VALUES (2, '2019-07-10', 10);
INSERT INTO `room_quantity` VALUES (2, '2019-07-11', 10);
INSERT INTO `room_quantity` VALUES (2, '2019-07-12', 10);
INSERT INTO `room_quantity` VALUES (2, '2019-07-13', 10);
INSERT INTO `room_quantity` VALUES (2, '2019-07-14', 10);
INSERT INTO `room_quantity` VALUES (2, '2019-07-15', 10);
INSERT INTO `room_quantity` VALUES (2, '2019-07-16', 10);
INSERT INTO `room_quantity` VALUES (2, '2019-07-17', 10);
INSERT INTO `room_quantity` VALUES (2, '2019-07-18', 10);
INSERT INTO `room_quantity` VALUES (2, '2019-07-19', 10);
INSERT INTO `room_quantity` VALUES (2, '2019-07-20', 10);
INSERT INTO `room_quantity` VALUES (2, '2019-07-21', 10);
INSERT INTO `room_quantity` VALUES (2, '2019-07-22', 10);
INSERT INTO `room_quantity` VALUES (2, '2019-07-23', 10);
INSERT INTO `room_quantity` VALUES (2, '2019-07-24', 10);
INSERT INTO `room_quantity` VALUES (2, '2019-07-25', 10);
INSERT INTO `room_quantity` VALUES (2, '2019-07-26', 10);
INSERT INTO `room_quantity` VALUES (2, '2019-07-27', 10);
INSERT INTO `room_quantity` VALUES (2, '2019-07-28', 10);
INSERT INTO `room_quantity` VALUES (2, '2019-07-29', 10);
INSERT INTO `room_quantity` VALUES (2, '2019-07-30', 10);
INSERT INTO `room_quantity` VALUES (2, '2019-07-31', 10);
INSERT INTO `room_quantity` VALUES (2, '2019-08-01', 10);
INSERT INTO `room_quantity` VALUES (2, '2019-08-02', 10);
INSERT INTO `room_quantity` VALUES (2, '2019-08-03', 10);
INSERT INTO `room_quantity` VALUES (2, '2019-08-04', 10);
INSERT INTO `room_quantity` VALUES (2, '2019-08-05', 10);
INSERT INTO `room_quantity` VALUES (2, '2019-08-06', 10);
INSERT INTO `room_quantity` VALUES (2, '2019-08-07', 10);
INSERT INTO `room_quantity` VALUES (2, '2019-08-08', 10);
INSERT INTO `room_quantity` VALUES (2, '2019-08-09', 10);
INSERT INTO `room_quantity` VALUES (3, '2019-07-05', 10);
INSERT INTO `room_quantity` VALUES (3, '2019-07-06', 10);
INSERT INTO `room_quantity` VALUES (3, '2019-07-07', 10);
INSERT INTO `room_quantity` VALUES (3, '2019-07-08', 10);
INSERT INTO `room_quantity` VALUES (3, '2019-07-09', 10);
INSERT INTO `room_quantity` VALUES (3, '2019-07-10', 10);
INSERT INTO `room_quantity` VALUES (3, '2019-07-11', 10);
INSERT INTO `room_quantity` VALUES (3, '2019-07-12', 10);
INSERT INTO `room_quantity` VALUES (3, '2019-07-13', 10);
INSERT INTO `room_quantity` VALUES (3, '2019-07-14', 10);
INSERT INTO `room_quantity` VALUES (3, '2019-07-15', 10);
INSERT INTO `room_quantity` VALUES (3, '2019-07-16', 10);
INSERT INTO `room_quantity` VALUES (3, '2019-07-17', 10);
INSERT INTO `room_quantity` VALUES (3, '2019-07-18', 10);
INSERT INTO `room_quantity` VALUES (3, '2019-07-19', 10);
INSERT INTO `room_quantity` VALUES (3, '2019-07-20', 10);
INSERT INTO `room_quantity` VALUES (3, '2019-07-21', 10);
INSERT INTO `room_quantity` VALUES (3, '2019-07-22', 10);
INSERT INTO `room_quantity` VALUES (3, '2019-07-23', 10);
INSERT INTO `room_quantity` VALUES (3, '2019-07-24', 10);
INSERT INTO `room_quantity` VALUES (3, '2019-07-25', 10);
INSERT INTO `room_quantity` VALUES (3, '2019-07-26', 10);
INSERT INTO `room_quantity` VALUES (3, '2019-07-27', 10);
INSERT INTO `room_quantity` VALUES (3, '2019-07-28', 10);
INSERT INTO `room_quantity` VALUES (3, '2019-07-29', 10);
INSERT INTO `room_quantity` VALUES (3, '2019-07-30', 10);
INSERT INTO `room_quantity` VALUES (3, '2019-07-31', 10);
INSERT INTO `room_quantity` VALUES (3, '2019-08-01', 10);
INSERT INTO `room_quantity` VALUES (3, '2019-08-02', 10);
INSERT INTO `room_quantity` VALUES (3, '2019-08-03', 10);
INSERT INTO `room_quantity` VALUES (3, '2019-08-04', 10);
INSERT INTO `room_quantity` VALUES (3, '2019-08-05', 10);
INSERT INTO `room_quantity` VALUES (3, '2019-08-06', 10);
INSERT INTO `room_quantity` VALUES (3, '2019-08-07', 10);
INSERT INTO `room_quantity` VALUES (3, '2019-08-08', 10);
INSERT INTO `room_quantity` VALUES (3, '2019-08-09', 10);
INSERT INTO `room_quantity` VALUES (4, '2019-07-05', 10);
INSERT INTO `room_quantity` VALUES (4, '2019-07-06', 10);
INSERT INTO `room_quantity` VALUES (4, '2019-07-07', 10);
INSERT INTO `room_quantity` VALUES (4, '2019-07-08', 10);
INSERT INTO `room_quantity` VALUES (4, '2019-07-09', 10);
INSERT INTO `room_quantity` VALUES (4, '2019-07-10', 10);
INSERT INTO `room_quantity` VALUES (4, '2019-07-11', 10);
INSERT INTO `room_quantity` VALUES (4, '2019-07-12', 10);
INSERT INTO `room_quantity` VALUES (4, '2019-07-13', 10);
INSERT INTO `room_quantity` VALUES (4, '2019-07-14', 10);
INSERT INTO `room_quantity` VALUES (4, '2019-07-15', 10);
INSERT INTO `room_quantity` VALUES (4, '2019-07-16', 10);
INSERT INTO `room_quantity` VALUES (4, '2019-07-17', 10);
INSERT INTO `room_quantity` VALUES (4, '2019-07-18', 10);
INSERT INTO `room_quantity` VALUES (4, '2019-07-19', 10);
INSERT INTO `room_quantity` VALUES (4, '2019-07-20', 10);
INSERT INTO `room_quantity` VALUES (4, '2019-07-21', 10);
INSERT INTO `room_quantity` VALUES (4, '2019-07-22', 10);
INSERT INTO `room_quantity` VALUES (4, '2019-07-23', 10);
INSERT INTO `room_quantity` VALUES (4, '2019-07-24', 10);
INSERT INTO `room_quantity` VALUES (4, '2019-07-25', 10);
INSERT INTO `room_quantity` VALUES (4, '2019-07-26', 10);
INSERT INTO `room_quantity` VALUES (4, '2019-07-27', 10);
INSERT INTO `room_quantity` VALUES (4, '2019-07-28', 10);
INSERT INTO `room_quantity` VALUES (4, '2019-07-29', 10);
INSERT INTO `room_quantity` VALUES (4, '2019-07-30', 10);
INSERT INTO `room_quantity` VALUES (4, '2019-07-31', 10);
INSERT INTO `room_quantity` VALUES (4, '2019-08-01', 10);
INSERT INTO `room_quantity` VALUES (4, '2019-08-02', 10);
INSERT INTO `room_quantity` VALUES (4, '2019-08-03', 10);
INSERT INTO `room_quantity` VALUES (4, '2019-08-04', 10);
INSERT INTO `room_quantity` VALUES (4, '2019-08-05', 10);
INSERT INTO `room_quantity` VALUES (4, '2019-08-06', 10);
INSERT INTO `room_quantity` VALUES (4, '2019-08-07', 10);
INSERT INTO `room_quantity` VALUES (4, '2019-08-08', 10);
INSERT INTO `room_quantity` VALUES (4, '2019-08-09', 10);
INSERT INTO `room_quantity` VALUES (5, '2019-07-05', 10);
INSERT INTO `room_quantity` VALUES (5, '2019-07-06', 10);
INSERT INTO `room_quantity` VALUES (5, '2019-07-07', 10);
INSERT INTO `room_quantity` VALUES (5, '2019-07-08', 10);
INSERT INTO `room_quantity` VALUES (5, '2019-07-09', 10);
INSERT INTO `room_quantity` VALUES (5, '2019-07-10', 10);
INSERT INTO `room_quantity` VALUES (5, '2019-07-11', 10);
INSERT INTO `room_quantity` VALUES (5, '2019-07-12', 10);
INSERT INTO `room_quantity` VALUES (5, '2019-07-13', 10);
INSERT INTO `room_quantity` VALUES (5, '2019-07-14', 10);
INSERT INTO `room_quantity` VALUES (5, '2019-07-15', 10);
INSERT INTO `room_quantity` VALUES (5, '2019-07-16', 10);
INSERT INTO `room_quantity` VALUES (5, '2019-07-17', 10);
INSERT INTO `room_quantity` VALUES (5, '2019-07-18', 10);
INSERT INTO `room_quantity` VALUES (5, '2019-07-19', 10);
INSERT INTO `room_quantity` VALUES (5, '2019-07-20', 10);
INSERT INTO `room_quantity` VALUES (5, '2019-07-21', 10);
INSERT INTO `room_quantity` VALUES (5, '2019-07-22', 10);
INSERT INTO `room_quantity` VALUES (5, '2019-07-23', 10);
INSERT INTO `room_quantity` VALUES (5, '2019-07-24', 10);
INSERT INTO `room_quantity` VALUES (5, '2019-07-25', 10);
INSERT INTO `room_quantity` VALUES (5, '2019-07-26', 10);
INSERT INTO `room_quantity` VALUES (5, '2019-07-27', 10);
INSERT INTO `room_quantity` VALUES (5, '2019-07-28', 10);
INSERT INTO `room_quantity` VALUES (5, '2019-07-29', 10);
INSERT INTO `room_quantity` VALUES (5, '2019-07-30', 10);
INSERT INTO `room_quantity` VALUES (5, '2019-07-31', 10);
INSERT INTO `room_quantity` VALUES (5, '2019-08-01', 10);
INSERT INTO `room_quantity` VALUES (5, '2019-08-02', 10);
INSERT INTO `room_quantity` VALUES (5, '2019-08-03', 10);
INSERT INTO `room_quantity` VALUES (5, '2019-08-04', 10);
INSERT INTO `room_quantity` VALUES (5, '2019-08-05', 10);
INSERT INTO `room_quantity` VALUES (5, '2019-08-06', 10);
INSERT INTO `room_quantity` VALUES (5, '2019-08-07', 10);
INSERT INTO `room_quantity` VALUES (5, '2019-08-08', 10);
INSERT INTO `room_quantity` VALUES (5, '2019-08-09', 10);
INSERT INTO `room_quantity` VALUES (6, '2019-07-05', 10);
INSERT INTO `room_quantity` VALUES (6, '2019-07-06', 10);
INSERT INTO `room_quantity` VALUES (6, '2019-07-07', 10);
INSERT INTO `room_quantity` VALUES (6, '2019-07-08', 10);
INSERT INTO `room_quantity` VALUES (6, '2019-07-09', 10);
INSERT INTO `room_quantity` VALUES (6, '2019-07-10', 10);
INSERT INTO `room_quantity` VALUES (6, '2019-07-11', 10);
INSERT INTO `room_quantity` VALUES (6, '2019-07-12', 10);
INSERT INTO `room_quantity` VALUES (6, '2019-07-13', 10);
INSERT INTO `room_quantity` VALUES (6, '2019-07-14', 10);
INSERT INTO `room_quantity` VALUES (6, '2019-07-15', 10);
INSERT INTO `room_quantity` VALUES (6, '2019-07-16', 10);
INSERT INTO `room_quantity` VALUES (6, '2019-07-17', 10);
INSERT INTO `room_quantity` VALUES (6, '2019-07-18', 10);
INSERT INTO `room_quantity` VALUES (6, '2019-07-19', 10);
INSERT INTO `room_quantity` VALUES (6, '2019-07-20', 10);
INSERT INTO `room_quantity` VALUES (6, '2019-07-21', 10);
INSERT INTO `room_quantity` VALUES (6, '2019-07-22', 10);
INSERT INTO `room_quantity` VALUES (6, '2019-07-23', 10);
INSERT INTO `room_quantity` VALUES (6, '2019-07-24', 10);
INSERT INTO `room_quantity` VALUES (6, '2019-07-25', 10);
INSERT INTO `room_quantity` VALUES (6, '2019-07-26', 10);
INSERT INTO `room_quantity` VALUES (6, '2019-07-27', 10);
INSERT INTO `room_quantity` VALUES (6, '2019-07-28', 10);
INSERT INTO `room_quantity` VALUES (6, '2019-07-29', 10);
INSERT INTO `room_quantity` VALUES (6, '2019-07-30', 10);
INSERT INTO `room_quantity` VALUES (6, '2019-07-31', 10);
INSERT INTO `room_quantity` VALUES (6, '2019-08-01', 10);
INSERT INTO `room_quantity` VALUES (6, '2019-08-02', 10);
INSERT INTO `room_quantity` VALUES (6, '2019-08-03', 10);
INSERT INTO `room_quantity` VALUES (6, '2019-08-04', 10);
INSERT INTO `room_quantity` VALUES (6, '2019-08-05', 10);
INSERT INTO `room_quantity` VALUES (6, '2019-08-06', 10);
INSERT INTO `room_quantity` VALUES (6, '2019-08-07', 10);
INSERT INTO `room_quantity` VALUES (6, '2019-08-08', 10);
INSERT INTO `room_quantity` VALUES (6, '2019-08-09', 10);
INSERT INTO `room_quantity` VALUES (7, '2019-07-05', 10);
INSERT INTO `room_quantity` VALUES (7, '2019-07-06', 10);
INSERT INTO `room_quantity` VALUES (7, '2019-07-07', 10);
INSERT INTO `room_quantity` VALUES (7, '2019-07-08', 10);
INSERT INTO `room_quantity` VALUES (7, '2019-07-09', 10);
INSERT INTO `room_quantity` VALUES (7, '2019-07-10', 10);
INSERT INTO `room_quantity` VALUES (7, '2019-07-11', 10);
INSERT INTO `room_quantity` VALUES (7, '2019-07-12', 10);
INSERT INTO `room_quantity` VALUES (7, '2019-07-13', 10);
INSERT INTO `room_quantity` VALUES (7, '2019-07-14', 10);
INSERT INTO `room_quantity` VALUES (7, '2019-07-15', 10);
INSERT INTO `room_quantity` VALUES (7, '2019-07-16', 10);
INSERT INTO `room_quantity` VALUES (7, '2019-07-17', 10);
INSERT INTO `room_quantity` VALUES (7, '2019-07-18', 10);
INSERT INTO `room_quantity` VALUES (7, '2019-07-19', 10);
INSERT INTO `room_quantity` VALUES (7, '2019-07-20', 10);
INSERT INTO `room_quantity` VALUES (7, '2019-07-21', 10);
INSERT INTO `room_quantity` VALUES (7, '2019-07-22', 10);
INSERT INTO `room_quantity` VALUES (7, '2019-07-23', 10);
INSERT INTO `room_quantity` VALUES (7, '2019-07-24', 10);
INSERT INTO `room_quantity` VALUES (7, '2019-07-25', 10);
INSERT INTO `room_quantity` VALUES (7, '2019-07-26', 10);
INSERT INTO `room_quantity` VALUES (7, '2019-07-27', 10);
INSERT INTO `room_quantity` VALUES (7, '2019-07-28', 10);
INSERT INTO `room_quantity` VALUES (7, '2019-07-29', 10);
INSERT INTO `room_quantity` VALUES (7, '2019-07-30', 10);
INSERT INTO `room_quantity` VALUES (7, '2019-07-31', 10);
INSERT INTO `room_quantity` VALUES (7, '2019-08-01', 10);
INSERT INTO `room_quantity` VALUES (7, '2019-08-02', 10);
INSERT INTO `room_quantity` VALUES (7, '2019-08-03', 10);
INSERT INTO `room_quantity` VALUES (7, '2019-08-04', 10);
INSERT INTO `room_quantity` VALUES (7, '2019-08-05', 10);
INSERT INTO `room_quantity` VALUES (7, '2019-08-06', 10);
INSERT INTO `room_quantity` VALUES (7, '2019-08-07', 10);
INSERT INTO `room_quantity` VALUES (7, '2019-08-08', 10);
INSERT INTO `room_quantity` VALUES (7, '2019-08-09', 10);
INSERT INTO `room_quantity` VALUES (8, '2019-07-05', 10);
INSERT INTO `room_quantity` VALUES (8, '2019-07-06', 10);
INSERT INTO `room_quantity` VALUES (8, '2019-07-07', 10);
INSERT INTO `room_quantity` VALUES (8, '2019-07-08', 10);
INSERT INTO `room_quantity` VALUES (8, '2019-07-09', 10);
INSERT INTO `room_quantity` VALUES (8, '2019-07-10', 10);
INSERT INTO `room_quantity` VALUES (8, '2019-07-11', 10);
INSERT INTO `room_quantity` VALUES (8, '2019-07-12', 10);
INSERT INTO `room_quantity` VALUES (8, '2019-07-13', 10);
INSERT INTO `room_quantity` VALUES (8, '2019-07-14', 10);
INSERT INTO `room_quantity` VALUES (8, '2019-07-15', 10);
INSERT INTO `room_quantity` VALUES (8, '2019-07-16', 10);
INSERT INTO `room_quantity` VALUES (8, '2019-07-17', 10);
INSERT INTO `room_quantity` VALUES (8, '2019-07-18', 10);
INSERT INTO `room_quantity` VALUES (8, '2019-07-19', 10);
INSERT INTO `room_quantity` VALUES (8, '2019-07-20', 10);
INSERT INTO `room_quantity` VALUES (8, '2019-07-21', 10);
INSERT INTO `room_quantity` VALUES (8, '2019-07-22', 10);
INSERT INTO `room_quantity` VALUES (8, '2019-07-23', 10);
INSERT INTO `room_quantity` VALUES (8, '2019-07-24', 10);
INSERT INTO `room_quantity` VALUES (8, '2019-07-25', 10);
INSERT INTO `room_quantity` VALUES (8, '2019-07-26', 10);
INSERT INTO `room_quantity` VALUES (8, '2019-07-27', 10);
INSERT INTO `room_quantity` VALUES (8, '2019-07-28', 10);
INSERT INTO `room_quantity` VALUES (8, '2019-07-29', 10);
INSERT INTO `room_quantity` VALUES (8, '2019-07-30', 10);
INSERT INTO `room_quantity` VALUES (8, '2019-07-31', 10);
INSERT INTO `room_quantity` VALUES (8, '2019-08-01', 10);
INSERT INTO `room_quantity` VALUES (8, '2019-08-02', 10);
INSERT INTO `room_quantity` VALUES (8, '2019-08-03', 10);
INSERT INTO `room_quantity` VALUES (8, '2019-08-04', 10);
INSERT INTO `room_quantity` VALUES (8, '2019-08-05', 10);
INSERT INTO `room_quantity` VALUES (8, '2019-08-06', 10);
INSERT INTO `room_quantity` VALUES (8, '2019-08-07', 10);
INSERT INTO `room_quantity` VALUES (8, '2019-08-08', 10);
INSERT INTO `room_quantity` VALUES (8, '2019-08-09', 10);
INSERT INTO `room_quantity` VALUES (9, '2019-07-05', 10);
INSERT INTO `room_quantity` VALUES (9, '2019-07-06', 10);
INSERT INTO `room_quantity` VALUES (9, '2019-07-07', 10);
INSERT INTO `room_quantity` VALUES (9, '2019-07-08', 10);
INSERT INTO `room_quantity` VALUES (9, '2019-07-09', 10);
INSERT INTO `room_quantity` VALUES (9, '2019-07-10', 10);
INSERT INTO `room_quantity` VALUES (9, '2019-07-11', 10);
INSERT INTO `room_quantity` VALUES (9, '2019-07-12', 10);
INSERT INTO `room_quantity` VALUES (9, '2019-07-13', 10);
INSERT INTO `room_quantity` VALUES (9, '2019-07-14', 10);
INSERT INTO `room_quantity` VALUES (9, '2019-07-15', 10);
INSERT INTO `room_quantity` VALUES (9, '2019-07-16', 10);
INSERT INTO `room_quantity` VALUES (9, '2019-07-17', 10);
INSERT INTO `room_quantity` VALUES (9, '2019-07-18', 10);
INSERT INTO `room_quantity` VALUES (9, '2019-07-19', 10);
INSERT INTO `room_quantity` VALUES (9, '2019-07-20', 10);
INSERT INTO `room_quantity` VALUES (9, '2019-07-21', 10);
INSERT INTO `room_quantity` VALUES (9, '2019-07-22', 10);
INSERT INTO `room_quantity` VALUES (9, '2019-07-23', 10);
INSERT INTO `room_quantity` VALUES (9, '2019-07-24', 10);
INSERT INTO `room_quantity` VALUES (9, '2019-07-25', 10);
INSERT INTO `room_quantity` VALUES (9, '2019-07-26', 10);
INSERT INTO `room_quantity` VALUES (9, '2019-07-27', 10);
INSERT INTO `room_quantity` VALUES (9, '2019-07-28', 10);
INSERT INTO `room_quantity` VALUES (9, '2019-07-29', 10);
INSERT INTO `room_quantity` VALUES (9, '2019-07-30', 10);
INSERT INTO `room_quantity` VALUES (9, '2019-07-31', 10);
INSERT INTO `room_quantity` VALUES (9, '2019-08-01', 10);
INSERT INTO `room_quantity` VALUES (9, '2019-08-02', 10);
INSERT INTO `room_quantity` VALUES (9, '2019-08-03', 10);
INSERT INTO `room_quantity` VALUES (9, '2019-08-04', 10);
INSERT INTO `room_quantity` VALUES (9, '2019-08-05', 10);
INSERT INTO `room_quantity` VALUES (9, '2019-08-06', 10);
INSERT INTO `room_quantity` VALUES (9, '2019-08-07', 10);
INSERT INTO `room_quantity` VALUES (9, '2019-08-08', 10);
INSERT INTO `room_quantity` VALUES (9, '2019-08-09', 10);
INSERT INTO `room_quantity` VALUES (10, '2019-07-05', 10);
INSERT INTO `room_quantity` VALUES (10, '2019-07-06', 10);
INSERT INTO `room_quantity` VALUES (10, '2019-07-07', 10);
INSERT INTO `room_quantity` VALUES (10, '2019-07-08', 10);
INSERT INTO `room_quantity` VALUES (10, '2019-07-09', 10);
INSERT INTO `room_quantity` VALUES (10, '2019-07-10', 10);
INSERT INTO `room_quantity` VALUES (10, '2019-07-11', 10);
INSERT INTO `room_quantity` VALUES (10, '2019-07-12', 10);
INSERT INTO `room_quantity` VALUES (10, '2019-07-13', 10);
INSERT INTO `room_quantity` VALUES (10, '2019-07-14', 10);
INSERT INTO `room_quantity` VALUES (10, '2019-07-15', 10);
INSERT INTO `room_quantity` VALUES (10, '2019-07-16', 10);
INSERT INTO `room_quantity` VALUES (10, '2019-07-17', 10);
INSERT INTO `room_quantity` VALUES (10, '2019-07-18', 10);
INSERT INTO `room_quantity` VALUES (10, '2019-07-19', 10);
INSERT INTO `room_quantity` VALUES (10, '2019-07-20', 10);
INSERT INTO `room_quantity` VALUES (10, '2019-07-21', 10);
INSERT INTO `room_quantity` VALUES (10, '2019-07-22', 10);
INSERT INTO `room_quantity` VALUES (10, '2019-07-23', 10);
INSERT INTO `room_quantity` VALUES (10, '2019-07-24', 10);
INSERT INTO `room_quantity` VALUES (10, '2019-07-25', 10);
INSERT INTO `room_quantity` VALUES (10, '2019-07-26', 10);
INSERT INTO `room_quantity` VALUES (10, '2019-07-27', 10);
INSERT INTO `room_quantity` VALUES (10, '2019-07-28', 10);
INSERT INTO `room_quantity` VALUES (10, '2019-07-29', 10);
INSERT INTO `room_quantity` VALUES (10, '2019-07-30', 10);
INSERT INTO `room_quantity` VALUES (10, '2019-07-31', 10);
INSERT INTO `room_quantity` VALUES (10, '2019-08-01', 10);
INSERT INTO `room_quantity` VALUES (10, '2019-08-02', 10);
INSERT INTO `room_quantity` VALUES (10, '2019-08-03', 10);
INSERT INTO `room_quantity` VALUES (10, '2019-08-04', 10);
INSERT INTO `room_quantity` VALUES (10, '2019-08-05', 10);
INSERT INTO `room_quantity` VALUES (10, '2019-08-06', 10);
INSERT INTO `room_quantity` VALUES (10, '2019-08-07', 10);
INSERT INTO `room_quantity` VALUES (10, '2019-08-08', 10);
INSERT INTO `room_quantity` VALUES (10, '2019-08-09', 10);
INSERT INTO `room_quantity` VALUES (11, '2019-07-05', 10);
INSERT INTO `room_quantity` VALUES (11, '2019-07-06', 10);
INSERT INTO `room_quantity` VALUES (11, '2019-07-07', 10);
INSERT INTO `room_quantity` VALUES (11, '2019-07-08', 10);
INSERT INTO `room_quantity` VALUES (11, '2019-07-09', 10);
INSERT INTO `room_quantity` VALUES (11, '2019-07-10', 10);
INSERT INTO `room_quantity` VALUES (11, '2019-07-11', 10);
INSERT INTO `room_quantity` VALUES (11, '2019-07-12', 10);
INSERT INTO `room_quantity` VALUES (11, '2019-07-13', 10);
INSERT INTO `room_quantity` VALUES (11, '2019-07-14', 10);
INSERT INTO `room_quantity` VALUES (11, '2019-07-15', 10);
INSERT INTO `room_quantity` VALUES (11, '2019-07-16', 10);
INSERT INTO `room_quantity` VALUES (11, '2019-07-17', 10);
INSERT INTO `room_quantity` VALUES (11, '2019-07-18', 10);
INSERT INTO `room_quantity` VALUES (11, '2019-07-19', 10);
INSERT INTO `room_quantity` VALUES (11, '2019-07-20', 10);
INSERT INTO `room_quantity` VALUES (11, '2019-07-21', 10);
INSERT INTO `room_quantity` VALUES (11, '2019-07-22', 10);
INSERT INTO `room_quantity` VALUES (11, '2019-07-23', 10);
INSERT INTO `room_quantity` VALUES (11, '2019-07-24', 10);
INSERT INTO `room_quantity` VALUES (11, '2019-07-25', 10);
INSERT INTO `room_quantity` VALUES (11, '2019-07-26', 10);
INSERT INTO `room_quantity` VALUES (11, '2019-07-27', 10);
INSERT INTO `room_quantity` VALUES (11, '2019-07-28', 10);
INSERT INTO `room_quantity` VALUES (11, '2019-07-29', 10);
INSERT INTO `room_quantity` VALUES (11, '2019-07-30', 10);
INSERT INTO `room_quantity` VALUES (11, '2019-07-31', 10);
INSERT INTO `room_quantity` VALUES (11, '2019-08-01', 10);
INSERT INTO `room_quantity` VALUES (11, '2019-08-02', 10);
INSERT INTO `room_quantity` VALUES (11, '2019-08-03', 10);
INSERT INTO `room_quantity` VALUES (11, '2019-08-04', 10);
INSERT INTO `room_quantity` VALUES (11, '2019-08-05', 10);
INSERT INTO `room_quantity` VALUES (11, '2019-08-06', 10);
INSERT INTO `room_quantity` VALUES (11, '2019-08-07', 10);
INSERT INTO `room_quantity` VALUES (11, '2019-08-08', 10);
INSERT INTO `room_quantity` VALUES (11, '2019-08-09', 10);
INSERT INTO `room_quantity` VALUES (12, '2019-07-05', 10);
INSERT INTO `room_quantity` VALUES (12, '2019-07-06', 10);
INSERT INTO `room_quantity` VALUES (12, '2019-07-07', 10);
INSERT INTO `room_quantity` VALUES (12, '2019-07-08', 10);
INSERT INTO `room_quantity` VALUES (12, '2019-07-09', 10);
INSERT INTO `room_quantity` VALUES (12, '2019-07-10', 10);
INSERT INTO `room_quantity` VALUES (12, '2019-07-11', 10);
INSERT INTO `room_quantity` VALUES (12, '2019-07-12', 10);
INSERT INTO `room_quantity` VALUES (12, '2019-07-13', 10);
INSERT INTO `room_quantity` VALUES (12, '2019-07-14', 10);
INSERT INTO `room_quantity` VALUES (12, '2019-07-15', 10);
INSERT INTO `room_quantity` VALUES (12, '2019-07-16', 10);
INSERT INTO `room_quantity` VALUES (12, '2019-07-17', 10);
INSERT INTO `room_quantity` VALUES (12, '2019-07-18', 10);
INSERT INTO `room_quantity` VALUES (12, '2019-07-19', 10);
INSERT INTO `room_quantity` VALUES (12, '2019-07-20', 10);
INSERT INTO `room_quantity` VALUES (12, '2019-07-21', 10);
INSERT INTO `room_quantity` VALUES (12, '2019-07-22', 10);
INSERT INTO `room_quantity` VALUES (12, '2019-07-23', 10);
INSERT INTO `room_quantity` VALUES (12, '2019-07-24', 10);
INSERT INTO `room_quantity` VALUES (12, '2019-07-25', 10);
INSERT INTO `room_quantity` VALUES (12, '2019-07-26', 10);
INSERT INTO `room_quantity` VALUES (12, '2019-07-27', 10);
INSERT INTO `room_quantity` VALUES (12, '2019-07-28', 10);
INSERT INTO `room_quantity` VALUES (12, '2019-07-29', 10);
INSERT INTO `room_quantity` VALUES (12, '2019-07-30', 10);
INSERT INTO `room_quantity` VALUES (12, '2019-07-31', 10);
INSERT INTO `room_quantity` VALUES (12, '2019-08-01', 10);
INSERT INTO `room_quantity` VALUES (12, '2019-08-02', 10);
INSERT INTO `room_quantity` VALUES (12, '2019-08-03', 10);
INSERT INTO `room_quantity` VALUES (12, '2019-08-04', 10);
INSERT INTO `room_quantity` VALUES (12, '2019-08-05', 10);
INSERT INTO `room_quantity` VALUES (12, '2019-08-06', 10);
INSERT INTO `room_quantity` VALUES (12, '2019-08-07', 10);
INSERT INTO `room_quantity` VALUES (12, '2019-08-08', 10);
INSERT INTO `room_quantity` VALUES (12, '2019-08-09', 10);
INSERT INTO `room_quantity` VALUES (13, '2019-07-05', 10);
INSERT INTO `room_quantity` VALUES (13, '2019-07-06', 10);
INSERT INTO `room_quantity` VALUES (13, '2019-07-07', 10);
INSERT INTO `room_quantity` VALUES (13, '2019-07-08', 10);
INSERT INTO `room_quantity` VALUES (13, '2019-07-09', 10);
INSERT INTO `room_quantity` VALUES (13, '2019-07-10', 10);
INSERT INTO `room_quantity` VALUES (13, '2019-07-11', 10);
INSERT INTO `room_quantity` VALUES (13, '2019-07-12', 10);
INSERT INTO `room_quantity` VALUES (13, '2019-07-13', 10);
INSERT INTO `room_quantity` VALUES (13, '2019-07-14', 10);
INSERT INTO `room_quantity` VALUES (13, '2019-07-15', 10);
INSERT INTO `room_quantity` VALUES (13, '2019-07-16', 10);
INSERT INTO `room_quantity` VALUES (13, '2019-07-17', 10);
INSERT INTO `room_quantity` VALUES (13, '2019-07-18', 10);
INSERT INTO `room_quantity` VALUES (13, '2019-07-19', 10);
INSERT INTO `room_quantity` VALUES (13, '2019-07-20', 10);
INSERT INTO `room_quantity` VALUES (13, '2019-07-21', 10);
INSERT INTO `room_quantity` VALUES (13, '2019-07-22', 10);
INSERT INTO `room_quantity` VALUES (13, '2019-07-23', 10);
INSERT INTO `room_quantity` VALUES (13, '2019-07-24', 10);
INSERT INTO `room_quantity` VALUES (13, '2019-07-25', 10);
INSERT INTO `room_quantity` VALUES (13, '2019-07-26', 10);
INSERT INTO `room_quantity` VALUES (13, '2019-07-27', 10);
INSERT INTO `room_quantity` VALUES (13, '2019-07-28', 10);
INSERT INTO `room_quantity` VALUES (13, '2019-07-29', 10);
INSERT INTO `room_quantity` VALUES (13, '2019-07-30', 10);
INSERT INTO `room_quantity` VALUES (13, '2019-07-31', 10);
INSERT INTO `room_quantity` VALUES (13, '2019-08-01', 10);
INSERT INTO `room_quantity` VALUES (13, '2019-08-02', 10);
INSERT INTO `room_quantity` VALUES (13, '2019-08-03', 10);
INSERT INTO `room_quantity` VALUES (13, '2019-08-04', 10);
INSERT INTO `room_quantity` VALUES (13, '2019-08-05', 10);
INSERT INTO `room_quantity` VALUES (13, '2019-08-06', 10);
INSERT INTO `room_quantity` VALUES (13, '2019-08-07', 10);
INSERT INTO `room_quantity` VALUES (13, '2019-08-08', 10);
INSERT INTO `room_quantity` VALUES (13, '2019-08-09', 10);
INSERT INTO `room_quantity` VALUES (14, '2019-07-05', 10);
INSERT INTO `room_quantity` VALUES (14, '2019-07-06', 10);
INSERT INTO `room_quantity` VALUES (14, '2019-07-07', 10);
INSERT INTO `room_quantity` VALUES (14, '2019-07-08', 10);
INSERT INTO `room_quantity` VALUES (14, '2019-07-09', 10);
INSERT INTO `room_quantity` VALUES (14, '2019-07-10', 10);
INSERT INTO `room_quantity` VALUES (14, '2019-07-11', 10);
INSERT INTO `room_quantity` VALUES (14, '2019-07-12', 10);
INSERT INTO `room_quantity` VALUES (14, '2019-07-13', 10);
INSERT INTO `room_quantity` VALUES (14, '2019-07-14', 10);
INSERT INTO `room_quantity` VALUES (14, '2019-07-15', 10);
INSERT INTO `room_quantity` VALUES (14, '2019-07-16', 10);
INSERT INTO `room_quantity` VALUES (14, '2019-07-17', 10);
INSERT INTO `room_quantity` VALUES (14, '2019-07-18', 10);
INSERT INTO `room_quantity` VALUES (14, '2019-07-19', 10);
INSERT INTO `room_quantity` VALUES (14, '2019-07-20', 10);
INSERT INTO `room_quantity` VALUES (14, '2019-07-21', 10);
INSERT INTO `room_quantity` VALUES (14, '2019-07-22', 10);
INSERT INTO `room_quantity` VALUES (14, '2019-07-23', 10);
INSERT INTO `room_quantity` VALUES (14, '2019-07-24', 10);
INSERT INTO `room_quantity` VALUES (14, '2019-07-25', 10);
INSERT INTO `room_quantity` VALUES (14, '2019-07-26', 10);
INSERT INTO `room_quantity` VALUES (14, '2019-07-27', 10);
INSERT INTO `room_quantity` VALUES (14, '2019-07-28', 10);
INSERT INTO `room_quantity` VALUES (14, '2019-07-29', 10);
INSERT INTO `room_quantity` VALUES (14, '2019-07-30', 10);
INSERT INTO `room_quantity` VALUES (14, '2019-07-31', 10);
INSERT INTO `room_quantity` VALUES (14, '2019-08-01', 10);
INSERT INTO `room_quantity` VALUES (14, '2019-08-02', 10);
INSERT INTO `room_quantity` VALUES (14, '2019-08-03', 10);
INSERT INTO `room_quantity` VALUES (14, '2019-08-04', 10);
INSERT INTO `room_quantity` VALUES (14, '2019-08-05', 10);
INSERT INTO `room_quantity` VALUES (14, '2019-08-06', 10);
INSERT INTO `room_quantity` VALUES (14, '2019-08-07', 10);
INSERT INTO `room_quantity` VALUES (14, '2019-08-08', 10);
INSERT INTO `room_quantity` VALUES (14, '2019-08-09', 10);
INSERT INTO `room_quantity` VALUES (15, '2019-07-05', 10);
INSERT INTO `room_quantity` VALUES (15, '2019-07-06', 10);
INSERT INTO `room_quantity` VALUES (15, '2019-07-07', 10);
INSERT INTO `room_quantity` VALUES (15, '2019-07-08', 10);
INSERT INTO `room_quantity` VALUES (15, '2019-07-09', 10);
INSERT INTO `room_quantity` VALUES (15, '2019-07-10', 10);
INSERT INTO `room_quantity` VALUES (15, '2019-07-11', 10);
INSERT INTO `room_quantity` VALUES (15, '2019-07-12', 10);
INSERT INTO `room_quantity` VALUES (15, '2019-07-13', 10);
INSERT INTO `room_quantity` VALUES (15, '2019-07-14', 10);
INSERT INTO `room_quantity` VALUES (15, '2019-07-15', 10);
INSERT INTO `room_quantity` VALUES (15, '2019-07-16', 10);
INSERT INTO `room_quantity` VALUES (15, '2019-07-17', 10);
INSERT INTO `room_quantity` VALUES (15, '2019-07-18', 10);
INSERT INTO `room_quantity` VALUES (15, '2019-07-19', 10);
INSERT INTO `room_quantity` VALUES (15, '2019-07-20', 10);
INSERT INTO `room_quantity` VALUES (15, '2019-07-21', 10);
INSERT INTO `room_quantity` VALUES (15, '2019-07-22', 10);
INSERT INTO `room_quantity` VALUES (15, '2019-07-23', 10);
INSERT INTO `room_quantity` VALUES (15, '2019-07-24', 10);
INSERT INTO `room_quantity` VALUES (15, '2019-07-25', 10);
INSERT INTO `room_quantity` VALUES (15, '2019-07-26', 10);
INSERT INTO `room_quantity` VALUES (15, '2019-07-27', 10);
INSERT INTO `room_quantity` VALUES (15, '2019-07-28', 10);
INSERT INTO `room_quantity` VALUES (15, '2019-07-29', 10);
INSERT INTO `room_quantity` VALUES (15, '2019-07-30', 10);
INSERT INTO `room_quantity` VALUES (15, '2019-07-31', 10);
INSERT INTO `room_quantity` VALUES (15, '2019-08-01', 10);
INSERT INTO `room_quantity` VALUES (15, '2019-08-02', 10);
INSERT INTO `room_quantity` VALUES (15, '2019-08-03', 10);
INSERT INTO `room_quantity` VALUES (15, '2019-08-04', 10);
INSERT INTO `room_quantity` VALUES (15, '2019-08-05', 10);
INSERT INTO `room_quantity` VALUES (15, '2019-08-06', 10);
INSERT INTO `room_quantity` VALUES (15, '2019-08-07', 10);
INSERT INTO `room_quantity` VALUES (15, '2019-08-08', 10);
INSERT INTO `room_quantity` VALUES (15, '2019-08-09', 10);
INSERT INTO `room_quantity` VALUES (16, '2019-07-05', 10);
INSERT INTO `room_quantity` VALUES (16, '2019-07-06', 10);
INSERT INTO `room_quantity` VALUES (16, '2019-07-07', 10);
INSERT INTO `room_quantity` VALUES (16, '2019-07-08', 10);
INSERT INTO `room_quantity` VALUES (16, '2019-07-09', 10);
INSERT INTO `room_quantity` VALUES (16, '2019-07-10', 10);
INSERT INTO `room_quantity` VALUES (16, '2019-07-11', 10);
INSERT INTO `room_quantity` VALUES (16, '2019-07-12', 10);
INSERT INTO `room_quantity` VALUES (16, '2019-07-13', 10);
INSERT INTO `room_quantity` VALUES (16, '2019-07-14', 10);
INSERT INTO `room_quantity` VALUES (16, '2019-07-15', 10);
INSERT INTO `room_quantity` VALUES (16, '2019-07-16', 10);
INSERT INTO `room_quantity` VALUES (16, '2019-07-17', 10);
INSERT INTO `room_quantity` VALUES (16, '2019-07-18', 10);
INSERT INTO `room_quantity` VALUES (16, '2019-07-19', 10);
INSERT INTO `room_quantity` VALUES (16, '2019-07-20', 10);
INSERT INTO `room_quantity` VALUES (16, '2019-07-21', 10);
INSERT INTO `room_quantity` VALUES (16, '2019-07-22', 10);
INSERT INTO `room_quantity` VALUES (16, '2019-07-23', 10);
INSERT INTO `room_quantity` VALUES (16, '2019-07-24', 10);
INSERT INTO `room_quantity` VALUES (16, '2019-07-25', 10);
INSERT INTO `room_quantity` VALUES (16, '2019-07-26', 10);
INSERT INTO `room_quantity` VALUES (16, '2019-07-27', 10);
INSERT INTO `room_quantity` VALUES (16, '2019-07-28', 10);
INSERT INTO `room_quantity` VALUES (16, '2019-07-29', 10);
INSERT INTO `room_quantity` VALUES (16, '2019-07-30', 10);
INSERT INTO `room_quantity` VALUES (16, '2019-07-31', 10);
INSERT INTO `room_quantity` VALUES (16, '2019-08-01', 10);
INSERT INTO `room_quantity` VALUES (16, '2019-08-02', 10);
INSERT INTO `room_quantity` VALUES (16, '2019-08-03', 10);
INSERT INTO `room_quantity` VALUES (16, '2019-08-04', 10);
INSERT INTO `room_quantity` VALUES (16, '2019-08-05', 10);
INSERT INTO `room_quantity` VALUES (16, '2019-08-06', 10);
INSERT INTO `room_quantity` VALUES (16, '2019-08-07', 10);
INSERT INTO `room_quantity` VALUES (16, '2019-08-08', 10);
INSERT INTO `room_quantity` VALUES (16, '2019-08-09', 10);
INSERT INTO `room_quantity` VALUES (17, '2019-07-05', 10);
INSERT INTO `room_quantity` VALUES (17, '2019-07-06', 10);
INSERT INTO `room_quantity` VALUES (17, '2019-07-07', 10);
INSERT INTO `room_quantity` VALUES (17, '2019-07-08', 10);
INSERT INTO `room_quantity` VALUES (17, '2019-07-09', 10);
INSERT INTO `room_quantity` VALUES (17, '2019-07-10', 10);
INSERT INTO `room_quantity` VALUES (17, '2019-07-11', 10);
INSERT INTO `room_quantity` VALUES (17, '2019-07-12', 10);
INSERT INTO `room_quantity` VALUES (17, '2019-07-13', 10);
INSERT INTO `room_quantity` VALUES (17, '2019-07-14', 10);
INSERT INTO `room_quantity` VALUES (17, '2019-07-15', 10);
INSERT INTO `room_quantity` VALUES (17, '2019-07-16', 10);
INSERT INTO `room_quantity` VALUES (17, '2019-07-17', 10);
INSERT INTO `room_quantity` VALUES (17, '2019-07-18', 10);
INSERT INTO `room_quantity` VALUES (17, '2019-07-19', 10);
INSERT INTO `room_quantity` VALUES (17, '2019-07-20', 10);
INSERT INTO `room_quantity` VALUES (17, '2019-07-21', 10);
INSERT INTO `room_quantity` VALUES (17, '2019-07-22', 10);
INSERT INTO `room_quantity` VALUES (17, '2019-07-23', 10);
INSERT INTO `room_quantity` VALUES (17, '2019-07-24', 10);
INSERT INTO `room_quantity` VALUES (17, '2019-07-25', 10);
INSERT INTO `room_quantity` VALUES (17, '2019-07-26', 10);
INSERT INTO `room_quantity` VALUES (17, '2019-07-27', 10);
INSERT INTO `room_quantity` VALUES (17, '2019-07-28', 10);
INSERT INTO `room_quantity` VALUES (17, '2019-07-29', 10);
INSERT INTO `room_quantity` VALUES (17, '2019-07-30', 10);
INSERT INTO `room_quantity` VALUES (17, '2019-07-31', 10);
INSERT INTO `room_quantity` VALUES (17, '2019-08-01', 10);
INSERT INTO `room_quantity` VALUES (17, '2019-08-02', 10);
INSERT INTO `room_quantity` VALUES (17, '2019-08-03', 10);
INSERT INTO `room_quantity` VALUES (17, '2019-08-04', 10);
INSERT INTO `room_quantity` VALUES (17, '2019-08-05', 10);
INSERT INTO `room_quantity` VALUES (17, '2019-08-06', 10);
INSERT INTO `room_quantity` VALUES (17, '2019-08-07', 10);
INSERT INTO `room_quantity` VALUES (17, '2019-08-08', 10);
INSERT INTO `room_quantity` VALUES (17, '2019-08-09', 10);
INSERT INTO `room_quantity` VALUES (18, '2019-07-05', 10);
INSERT INTO `room_quantity` VALUES (18, '2019-07-06', 8);
INSERT INTO `room_quantity` VALUES (18, '2019-07-07', 10);
INSERT INTO `room_quantity` VALUES (18, '2019-07-08', 10);
INSERT INTO `room_quantity` VALUES (18, '2019-07-09', 10);
INSERT INTO `room_quantity` VALUES (18, '2019-07-10', 10);
INSERT INTO `room_quantity` VALUES (18, '2019-07-11', 10);
INSERT INTO `room_quantity` VALUES (18, '2019-07-12', 10);
INSERT INTO `room_quantity` VALUES (18, '2019-07-13', 10);
INSERT INTO `room_quantity` VALUES (18, '2019-07-14', 10);
INSERT INTO `room_quantity` VALUES (18, '2019-07-15', 10);
INSERT INTO `room_quantity` VALUES (18, '2019-07-16', 10);
INSERT INTO `room_quantity` VALUES (18, '2019-07-17', 10);
INSERT INTO `room_quantity` VALUES (18, '2019-07-18', 10);
INSERT INTO `room_quantity` VALUES (18, '2019-07-19', 10);
INSERT INTO `room_quantity` VALUES (18, '2019-07-20', 10);
INSERT INTO `room_quantity` VALUES (18, '2019-07-21', 10);
INSERT INTO `room_quantity` VALUES (18, '2019-07-22', 10);
INSERT INTO `room_quantity` VALUES (18, '2019-07-23', 10);
INSERT INTO `room_quantity` VALUES (18, '2019-07-24', 10);
INSERT INTO `room_quantity` VALUES (18, '2019-07-25', 10);
INSERT INTO `room_quantity` VALUES (18, '2019-07-26', 10);
INSERT INTO `room_quantity` VALUES (18, '2019-07-27', 10);
INSERT INTO `room_quantity` VALUES (18, '2019-07-28', 10);
INSERT INTO `room_quantity` VALUES (18, '2019-07-29', 10);
INSERT INTO `room_quantity` VALUES (18, '2019-07-30', 10);
INSERT INTO `room_quantity` VALUES (18, '2019-07-31', 10);
INSERT INTO `room_quantity` VALUES (18, '2019-08-01', 10);
INSERT INTO `room_quantity` VALUES (18, '2019-08-02', 10);
INSERT INTO `room_quantity` VALUES (18, '2019-08-03', 10);
INSERT INTO `room_quantity` VALUES (18, '2019-08-04', 10);
INSERT INTO `room_quantity` VALUES (18, '2019-08-05', 10);
INSERT INTO `room_quantity` VALUES (18, '2019-08-06', 10);
INSERT INTO `room_quantity` VALUES (18, '2019-08-07', 10);
INSERT INTO `room_quantity` VALUES (18, '2019-08-08', 10);
INSERT INTO `room_quantity` VALUES (18, '2019-08-09', 10);
INSERT INTO `room_quantity` VALUES (19, '2019-07-05', 10);
INSERT INTO `room_quantity` VALUES (19, '2019-07-06', 10);
INSERT INTO `room_quantity` VALUES (19, '2019-07-07', 10);
INSERT INTO `room_quantity` VALUES (19, '2019-07-08', 10);
INSERT INTO `room_quantity` VALUES (19, '2019-07-09', 10);
INSERT INTO `room_quantity` VALUES (19, '2019-07-10', 10);
INSERT INTO `room_quantity` VALUES (19, '2019-07-11', 10);
INSERT INTO `room_quantity` VALUES (19, '2019-07-12', 10);
INSERT INTO `room_quantity` VALUES (19, '2019-07-13', 10);
INSERT INTO `room_quantity` VALUES (19, '2019-07-14', 10);
INSERT INTO `room_quantity` VALUES (19, '2019-07-15', 10);
INSERT INTO `room_quantity` VALUES (19, '2019-07-16', 10);
INSERT INTO `room_quantity` VALUES (19, '2019-07-17', 10);
INSERT INTO `room_quantity` VALUES (19, '2019-07-18', 10);
INSERT INTO `room_quantity` VALUES (19, '2019-07-19', 10);
INSERT INTO `room_quantity` VALUES (19, '2019-07-20', 10);
INSERT INTO `room_quantity` VALUES (19, '2019-07-21', 10);
INSERT INTO `room_quantity` VALUES (19, '2019-07-22', 10);
INSERT INTO `room_quantity` VALUES (19, '2019-07-23', 10);
INSERT INTO `room_quantity` VALUES (19, '2019-07-24', 10);
INSERT INTO `room_quantity` VALUES (19, '2019-07-25', 10);
INSERT INTO `room_quantity` VALUES (19, '2019-07-26', 10);
INSERT INTO `room_quantity` VALUES (19, '2019-07-27', 10);
INSERT INTO `room_quantity` VALUES (19, '2019-07-28', 10);
INSERT INTO `room_quantity` VALUES (19, '2019-07-29', 10);
INSERT INTO `room_quantity` VALUES (19, '2019-07-30', 10);
INSERT INTO `room_quantity` VALUES (19, '2019-07-31', 10);
INSERT INTO `room_quantity` VALUES (19, '2019-08-01', 10);
INSERT INTO `room_quantity` VALUES (19, '2019-08-02', 10);
INSERT INTO `room_quantity` VALUES (19, '2019-08-03', 10);
INSERT INTO `room_quantity` VALUES (19, '2019-08-04', 10);
INSERT INTO `room_quantity` VALUES (19, '2019-08-05', 10);
INSERT INTO `room_quantity` VALUES (19, '2019-08-06', 10);
INSERT INTO `room_quantity` VALUES (19, '2019-08-07', 10);
INSERT INTO `room_quantity` VALUES (19, '2019-08-08', 10);
INSERT INTO `room_quantity` VALUES (19, '2019-08-09', 10);
INSERT INTO `room_quantity` VALUES (20, '2019-07-05', 10);
INSERT INTO `room_quantity` VALUES (20, '2019-07-06', 10);
INSERT INTO `room_quantity` VALUES (20, '2019-07-07', 10);
INSERT INTO `room_quantity` VALUES (20, '2019-07-08', 10);
INSERT INTO `room_quantity` VALUES (20, '2019-07-09', 10);
INSERT INTO `room_quantity` VALUES (20, '2019-07-10', 10);
INSERT INTO `room_quantity` VALUES (20, '2019-07-11', 10);
INSERT INTO `room_quantity` VALUES (20, '2019-07-12', 10);
INSERT INTO `room_quantity` VALUES (20, '2019-07-13', 10);
INSERT INTO `room_quantity` VALUES (20, '2019-07-14', 10);
INSERT INTO `room_quantity` VALUES (20, '2019-07-15', 10);
INSERT INTO `room_quantity` VALUES (20, '2019-07-16', 10);
INSERT INTO `room_quantity` VALUES (20, '2019-07-17', 10);
INSERT INTO `room_quantity` VALUES (20, '2019-07-18', 10);
INSERT INTO `room_quantity` VALUES (20, '2019-07-19', 10);
INSERT INTO `room_quantity` VALUES (20, '2019-07-20', 10);
INSERT INTO `room_quantity` VALUES (20, '2019-07-21', 10);
INSERT INTO `room_quantity` VALUES (20, '2019-07-22', 10);
INSERT INTO `room_quantity` VALUES (20, '2019-07-23', 10);
INSERT INTO `room_quantity` VALUES (20, '2019-07-24', 10);
INSERT INTO `room_quantity` VALUES (20, '2019-07-25', 10);
INSERT INTO `room_quantity` VALUES (20, '2019-07-26', 10);
INSERT INTO `room_quantity` VALUES (20, '2019-07-27', 10);
INSERT INTO `room_quantity` VALUES (20, '2019-07-28', 10);
INSERT INTO `room_quantity` VALUES (20, '2019-07-29', 10);
INSERT INTO `room_quantity` VALUES (20, '2019-07-30', 10);
INSERT INTO `room_quantity` VALUES (20, '2019-07-31', 10);
INSERT INTO `room_quantity` VALUES (20, '2019-08-01', 10);
INSERT INTO `room_quantity` VALUES (20, '2019-08-02', 10);
INSERT INTO `room_quantity` VALUES (20, '2019-08-03', 10);
INSERT INTO `room_quantity` VALUES (20, '2019-08-04', 10);
INSERT INTO `room_quantity` VALUES (20, '2019-08-05', 10);
INSERT INTO `room_quantity` VALUES (20, '2019-08-06', 10);
INSERT INTO `room_quantity` VALUES (20, '2019-08-07', 10);
INSERT INTO `room_quantity` VALUES (20, '2019-08-08', 10);
INSERT INTO `room_quantity` VALUES (20, '2019-08-09', 10);
INSERT INTO `room_quantity` VALUES (21, '2019-07-05', 10);
INSERT INTO `room_quantity` VALUES (21, '2019-07-06', 10);
INSERT INTO `room_quantity` VALUES (21, '2019-07-07', 10);
INSERT INTO `room_quantity` VALUES (21, '2019-07-08', 10);
INSERT INTO `room_quantity` VALUES (21, '2019-07-09', 10);
INSERT INTO `room_quantity` VALUES (21, '2019-07-10', 10);
INSERT INTO `room_quantity` VALUES (21, '2019-07-11', 10);
INSERT INTO `room_quantity` VALUES (21, '2019-07-12', 10);
INSERT INTO `room_quantity` VALUES (21, '2019-07-13', 10);
INSERT INTO `room_quantity` VALUES (21, '2019-07-14', 10);
INSERT INTO `room_quantity` VALUES (21, '2019-07-15', 10);
INSERT INTO `room_quantity` VALUES (21, '2019-07-16', 10);
INSERT INTO `room_quantity` VALUES (21, '2019-07-17', 10);
INSERT INTO `room_quantity` VALUES (21, '2019-07-18', 10);
INSERT INTO `room_quantity` VALUES (21, '2019-07-19', 10);
INSERT INTO `room_quantity` VALUES (21, '2019-07-20', 10);
INSERT INTO `room_quantity` VALUES (21, '2019-07-21', 10);
INSERT INTO `room_quantity` VALUES (21, '2019-07-22', 10);
INSERT INTO `room_quantity` VALUES (21, '2019-07-23', 10);
INSERT INTO `room_quantity` VALUES (21, '2019-07-24', 10);
INSERT INTO `room_quantity` VALUES (21, '2019-07-25', 10);
INSERT INTO `room_quantity` VALUES (21, '2019-07-26', 10);
INSERT INTO `room_quantity` VALUES (21, '2019-07-27', 10);
INSERT INTO `room_quantity` VALUES (21, '2019-07-28', 10);
INSERT INTO `room_quantity` VALUES (21, '2019-07-29', 10);
INSERT INTO `room_quantity` VALUES (21, '2019-07-30', 10);
INSERT INTO `room_quantity` VALUES (21, '2019-07-31', 10);
INSERT INTO `room_quantity` VALUES (21, '2019-08-01', 10);
INSERT INTO `room_quantity` VALUES (21, '2019-08-02', 10);
INSERT INTO `room_quantity` VALUES (21, '2019-08-03', 10);
INSERT INTO `room_quantity` VALUES (21, '2019-08-04', 10);
INSERT INTO `room_quantity` VALUES (21, '2019-08-05', 10);
INSERT INTO `room_quantity` VALUES (21, '2019-08-06', 10);
INSERT INTO `room_quantity` VALUES (21, '2019-08-07', 10);
INSERT INTO `room_quantity` VALUES (21, '2019-08-08', 10);
INSERT INTO `room_quantity` VALUES (21, '2019-08-09', 10);
INSERT INTO `room_quantity` VALUES (22, '2019-07-05', 10);
INSERT INTO `room_quantity` VALUES (22, '2019-07-06', 10);
INSERT INTO `room_quantity` VALUES (22, '2019-07-07', 10);
INSERT INTO `room_quantity` VALUES (22, '2019-07-08', 10);
INSERT INTO `room_quantity` VALUES (22, '2019-07-09', 10);
INSERT INTO `room_quantity` VALUES (22, '2019-07-10', 10);
INSERT INTO `room_quantity` VALUES (22, '2019-07-11', 10);
INSERT INTO `room_quantity` VALUES (22, '2019-07-12', 10);
INSERT INTO `room_quantity` VALUES (22, '2019-07-13', 10);
INSERT INTO `room_quantity` VALUES (22, '2019-07-14', 10);
INSERT INTO `room_quantity` VALUES (22, '2019-07-15', 10);
INSERT INTO `room_quantity` VALUES (22, '2019-07-16', 10);
INSERT INTO `room_quantity` VALUES (22, '2019-07-17', 10);
INSERT INTO `room_quantity` VALUES (22, '2019-07-18', 10);
INSERT INTO `room_quantity` VALUES (22, '2019-07-19', 10);
INSERT INTO `room_quantity` VALUES (22, '2019-07-20', 10);
INSERT INTO `room_quantity` VALUES (22, '2019-07-21', 10);
INSERT INTO `room_quantity` VALUES (22, '2019-07-22', 10);
INSERT INTO `room_quantity` VALUES (22, '2019-07-23', 10);
INSERT INTO `room_quantity` VALUES (22, '2019-07-24', 10);
INSERT INTO `room_quantity` VALUES (22, '2019-07-25', 10);
INSERT INTO `room_quantity` VALUES (22, '2019-07-26', 10);
INSERT INTO `room_quantity` VALUES (22, '2019-07-27', 10);
INSERT INTO `room_quantity` VALUES (22, '2019-07-28', 10);
INSERT INTO `room_quantity` VALUES (22, '2019-07-29', 10);
INSERT INTO `room_quantity` VALUES (22, '2019-07-30', 10);
INSERT INTO `room_quantity` VALUES (22, '2019-07-31', 10);
INSERT INTO `room_quantity` VALUES (22, '2019-08-01', 10);
INSERT INTO `room_quantity` VALUES (22, '2019-08-02', 10);
INSERT INTO `room_quantity` VALUES (22, '2019-08-03', 10);
INSERT INTO `room_quantity` VALUES (22, '2019-08-04', 10);
INSERT INTO `room_quantity` VALUES (22, '2019-08-05', 10);
INSERT INTO `room_quantity` VALUES (22, '2019-08-06', 10);
INSERT INTO `room_quantity` VALUES (22, '2019-08-07', 10);
INSERT INTO `room_quantity` VALUES (22, '2019-08-08', 10);
INSERT INTO `room_quantity` VALUES (22, '2019-08-09', 10);
INSERT INTO `room_quantity` VALUES (23, '2019-07-05', 10);
INSERT INTO `room_quantity` VALUES (23, '2019-07-06', 10);
INSERT INTO `room_quantity` VALUES (23, '2019-07-07', 10);
INSERT INTO `room_quantity` VALUES (23, '2019-07-08', 10);
INSERT INTO `room_quantity` VALUES (23, '2019-07-09', 10);
INSERT INTO `room_quantity` VALUES (23, '2019-07-10', 10);
INSERT INTO `room_quantity` VALUES (23, '2019-07-11', 10);
INSERT INTO `room_quantity` VALUES (23, '2019-07-12', 10);
INSERT INTO `room_quantity` VALUES (23, '2019-07-13', 10);
INSERT INTO `room_quantity` VALUES (23, '2019-07-14', 10);
INSERT INTO `room_quantity` VALUES (23, '2019-07-15', 10);
INSERT INTO `room_quantity` VALUES (23, '2019-07-16', 10);
INSERT INTO `room_quantity` VALUES (23, '2019-07-17', 10);
INSERT INTO `room_quantity` VALUES (23, '2019-07-18', 10);
INSERT INTO `room_quantity` VALUES (23, '2019-07-19', 10);
INSERT INTO `room_quantity` VALUES (23, '2019-07-20', 10);
INSERT INTO `room_quantity` VALUES (23, '2019-07-21', 10);
INSERT INTO `room_quantity` VALUES (23, '2019-07-22', 10);
INSERT INTO `room_quantity` VALUES (23, '2019-07-23', 10);
INSERT INTO `room_quantity` VALUES (23, '2019-07-24', 10);
INSERT INTO `room_quantity` VALUES (23, '2019-07-25', 10);
INSERT INTO `room_quantity` VALUES (23, '2019-07-26', 10);
INSERT INTO `room_quantity` VALUES (23, '2019-07-27', 10);
INSERT INTO `room_quantity` VALUES (23, '2019-07-28', 10);
INSERT INTO `room_quantity` VALUES (23, '2019-07-29', 10);
INSERT INTO `room_quantity` VALUES (23, '2019-07-30', 10);
INSERT INTO `room_quantity` VALUES (23, '2019-07-31', 10);
INSERT INTO `room_quantity` VALUES (23, '2019-08-01', 10);
INSERT INTO `room_quantity` VALUES (23, '2019-08-02', 10);
INSERT INTO `room_quantity` VALUES (23, '2019-08-03', 10);
INSERT INTO `room_quantity` VALUES (23, '2019-08-04', 10);
INSERT INTO `room_quantity` VALUES (23, '2019-08-05', 10);
INSERT INTO `room_quantity` VALUES (23, '2019-08-06', 10);
INSERT INTO `room_quantity` VALUES (23, '2019-08-07', 10);
INSERT INTO `room_quantity` VALUES (23, '2019-08-08', 10);
INSERT INTO `room_quantity` VALUES (23, '2019-08-09', 10);
INSERT INTO `room_quantity` VALUES (24, '2019-07-05', 10);
INSERT INTO `room_quantity` VALUES (24, '2019-07-06', 10);
INSERT INTO `room_quantity` VALUES (24, '2019-07-07', 10);
INSERT INTO `room_quantity` VALUES (24, '2019-07-08', 10);
INSERT INTO `room_quantity` VALUES (24, '2019-07-09', 10);
INSERT INTO `room_quantity` VALUES (24, '2019-07-10', 10);
INSERT INTO `room_quantity` VALUES (24, '2019-07-11', 10);
INSERT INTO `room_quantity` VALUES (24, '2019-07-12', 10);
INSERT INTO `room_quantity` VALUES (24, '2019-07-13', 10);
INSERT INTO `room_quantity` VALUES (24, '2019-07-14', 10);
INSERT INTO `room_quantity` VALUES (24, '2019-07-15', 10);
INSERT INTO `room_quantity` VALUES (24, '2019-07-16', 10);
INSERT INTO `room_quantity` VALUES (24, '2019-07-17', 10);
INSERT INTO `room_quantity` VALUES (24, '2019-07-18', 10);
INSERT INTO `room_quantity` VALUES (24, '2019-07-19', 10);
INSERT INTO `room_quantity` VALUES (24, '2019-07-20', 10);
INSERT INTO `room_quantity` VALUES (24, '2019-07-21', 10);
INSERT INTO `room_quantity` VALUES (24, '2019-07-22', 10);
INSERT INTO `room_quantity` VALUES (24, '2019-07-23', 10);
INSERT INTO `room_quantity` VALUES (24, '2019-07-24', 10);
INSERT INTO `room_quantity` VALUES (24, '2019-07-25', 10);
INSERT INTO `room_quantity` VALUES (24, '2019-07-26', 10);
INSERT INTO `room_quantity` VALUES (24, '2019-07-27', 10);
INSERT INTO `room_quantity` VALUES (24, '2019-07-28', 10);
INSERT INTO `room_quantity` VALUES (24, '2019-07-29', 10);
INSERT INTO `room_quantity` VALUES (24, '2019-07-30', 10);
INSERT INTO `room_quantity` VALUES (24, '2019-07-31', 10);
INSERT INTO `room_quantity` VALUES (24, '2019-08-01', 10);
INSERT INTO `room_quantity` VALUES (24, '2019-08-02', 10);
INSERT INTO `room_quantity` VALUES (24, '2019-08-03', 10);
INSERT INTO `room_quantity` VALUES (24, '2019-08-04', 10);
INSERT INTO `room_quantity` VALUES (24, '2019-08-05', 10);
INSERT INTO `room_quantity` VALUES (24, '2019-08-06', 10);
INSERT INTO `room_quantity` VALUES (24, '2019-08-07', 10);
INSERT INTO `room_quantity` VALUES (24, '2019-08-08', 10);
INSERT INTO `room_quantity` VALUES (24, '2019-08-09', 10);
INSERT INTO `room_quantity` VALUES (25, '2019-07-05', 10);
INSERT INTO `room_quantity` VALUES (25, '2019-07-06', 10);
INSERT INTO `room_quantity` VALUES (25, '2019-07-07', 10);
INSERT INTO `room_quantity` VALUES (25, '2019-07-08', 10);
INSERT INTO `room_quantity` VALUES (25, '2019-07-09', 10);
INSERT INTO `room_quantity` VALUES (25, '2019-07-10', 10);
INSERT INTO `room_quantity` VALUES (25, '2019-07-11', 10);
INSERT INTO `room_quantity` VALUES (25, '2019-07-12', 10);
INSERT INTO `room_quantity` VALUES (25, '2019-07-13', 10);
INSERT INTO `room_quantity` VALUES (25, '2019-07-14', 10);
INSERT INTO `room_quantity` VALUES (25, '2019-07-15', 10);
INSERT INTO `room_quantity` VALUES (25, '2019-07-16', 10);
INSERT INTO `room_quantity` VALUES (25, '2019-07-17', 10);
INSERT INTO `room_quantity` VALUES (25, '2019-07-18', 10);
INSERT INTO `room_quantity` VALUES (25, '2019-07-19', 10);
INSERT INTO `room_quantity` VALUES (25, '2019-07-20', 10);
INSERT INTO `room_quantity` VALUES (25, '2019-07-21', 10);
INSERT INTO `room_quantity` VALUES (25, '2019-07-22', 10);
INSERT INTO `room_quantity` VALUES (25, '2019-07-23', 10);
INSERT INTO `room_quantity` VALUES (25, '2019-07-24', 10);
INSERT INTO `room_quantity` VALUES (25, '2019-07-25', 10);
INSERT INTO `room_quantity` VALUES (25, '2019-07-26', 10);
INSERT INTO `room_quantity` VALUES (25, '2019-07-27', 10);
INSERT INTO `room_quantity` VALUES (25, '2019-07-28', 10);
INSERT INTO `room_quantity` VALUES (25, '2019-07-29', 10);
INSERT INTO `room_quantity` VALUES (25, '2019-07-30', 10);
INSERT INTO `room_quantity` VALUES (25, '2019-07-31', 10);
INSERT INTO `room_quantity` VALUES (25, '2019-08-01', 10);
INSERT INTO `room_quantity` VALUES (25, '2019-08-02', 10);
INSERT INTO `room_quantity` VALUES (25, '2019-08-03', 10);
INSERT INTO `room_quantity` VALUES (25, '2019-08-04', 10);
INSERT INTO `room_quantity` VALUES (25, '2019-08-05', 10);
INSERT INTO `room_quantity` VALUES (25, '2019-08-06', 10);
INSERT INTO `room_quantity` VALUES (25, '2019-08-07', 10);
INSERT INTO `room_quantity` VALUES (25, '2019-08-08', 10);
INSERT INTO `room_quantity` VALUES (25, '2019-08-09', 10);
INSERT INTO `room_quantity` VALUES (26, '2019-07-05', 10);
INSERT INTO `room_quantity` VALUES (26, '2019-07-06', 10);
INSERT INTO `room_quantity` VALUES (26, '2019-07-07', 10);
INSERT INTO `room_quantity` VALUES (26, '2019-07-08', 10);
INSERT INTO `room_quantity` VALUES (26, '2019-07-09', 10);
INSERT INTO `room_quantity` VALUES (26, '2019-07-10', 10);
INSERT INTO `room_quantity` VALUES (26, '2019-07-11', 10);
INSERT INTO `room_quantity` VALUES (26, '2019-07-12', 10);
INSERT INTO `room_quantity` VALUES (26, '2019-07-13', 10);
INSERT INTO `room_quantity` VALUES (26, '2019-07-14', 10);
INSERT INTO `room_quantity` VALUES (26, '2019-07-15', 10);
INSERT INTO `room_quantity` VALUES (26, '2019-07-16', 10);
INSERT INTO `room_quantity` VALUES (26, '2019-07-17', 10);
INSERT INTO `room_quantity` VALUES (26, '2019-07-18', 10);
INSERT INTO `room_quantity` VALUES (26, '2019-07-19', 10);
INSERT INTO `room_quantity` VALUES (26, '2019-07-20', 10);
INSERT INTO `room_quantity` VALUES (26, '2019-07-21', 10);
INSERT INTO `room_quantity` VALUES (26, '2019-07-22', 10);
INSERT INTO `room_quantity` VALUES (26, '2019-07-23', 10);
INSERT INTO `room_quantity` VALUES (26, '2019-07-24', 10);
INSERT INTO `room_quantity` VALUES (26, '2019-07-25', 10);
INSERT INTO `room_quantity` VALUES (26, '2019-07-26', 10);
INSERT INTO `room_quantity` VALUES (26, '2019-07-27', 10);
INSERT INTO `room_quantity` VALUES (26, '2019-07-28', 10);
INSERT INTO `room_quantity` VALUES (26, '2019-07-29', 10);
INSERT INTO `room_quantity` VALUES (26, '2019-07-30', 10);
INSERT INTO `room_quantity` VALUES (26, '2019-07-31', 10);
INSERT INTO `room_quantity` VALUES (26, '2019-08-01', 10);
INSERT INTO `room_quantity` VALUES (26, '2019-08-02', 10);
INSERT INTO `room_quantity` VALUES (26, '2019-08-03', 10);
INSERT INTO `room_quantity` VALUES (26, '2019-08-04', 10);
INSERT INTO `room_quantity` VALUES (26, '2019-08-05', 10);
INSERT INTO `room_quantity` VALUES (26, '2019-08-06', 10);
INSERT INTO `room_quantity` VALUES (26, '2019-08-07', 10);
INSERT INTO `room_quantity` VALUES (26, '2019-08-08', 10);
INSERT INTO `room_quantity` VALUES (26, '2019-08-09', 10);
INSERT INTO `room_quantity` VALUES (27, '2019-07-05', 10);
INSERT INTO `room_quantity` VALUES (27, '2019-07-06', 10);
INSERT INTO `room_quantity` VALUES (27, '2019-07-07', 10);
INSERT INTO `room_quantity` VALUES (27, '2019-07-08', 10);
INSERT INTO `room_quantity` VALUES (27, '2019-07-09', 10);
INSERT INTO `room_quantity` VALUES (27, '2019-07-10', 10);
INSERT INTO `room_quantity` VALUES (27, '2019-07-11', 10);
INSERT INTO `room_quantity` VALUES (27, '2019-07-12', 10);
INSERT INTO `room_quantity` VALUES (27, '2019-07-13', 10);
INSERT INTO `room_quantity` VALUES (27, '2019-07-14', 10);
INSERT INTO `room_quantity` VALUES (27, '2019-07-15', 10);
INSERT INTO `room_quantity` VALUES (27, '2019-07-16', 10);
INSERT INTO `room_quantity` VALUES (27, '2019-07-17', 10);
INSERT INTO `room_quantity` VALUES (27, '2019-07-18', 10);
INSERT INTO `room_quantity` VALUES (27, '2019-07-19', 10);
INSERT INTO `room_quantity` VALUES (27, '2019-07-20', 10);
INSERT INTO `room_quantity` VALUES (27, '2019-07-21', 10);
INSERT INTO `room_quantity` VALUES (27, '2019-07-22', 10);
INSERT INTO `room_quantity` VALUES (27, '2019-07-23', 10);
INSERT INTO `room_quantity` VALUES (27, '2019-07-24', 10);
INSERT INTO `room_quantity` VALUES (27, '2019-07-25', 10);
INSERT INTO `room_quantity` VALUES (27, '2019-07-26', 10);
INSERT INTO `room_quantity` VALUES (27, '2019-07-27', 10);
INSERT INTO `room_quantity` VALUES (27, '2019-07-28', 10);
INSERT INTO `room_quantity` VALUES (27, '2019-07-29', 10);
INSERT INTO `room_quantity` VALUES (27, '2019-07-30', 10);
INSERT INTO `room_quantity` VALUES (27, '2019-07-31', 10);
INSERT INTO `room_quantity` VALUES (27, '2019-08-01', 10);
INSERT INTO `room_quantity` VALUES (27, '2019-08-02', 10);
INSERT INTO `room_quantity` VALUES (27, '2019-08-03', 10);
INSERT INTO `room_quantity` VALUES (27, '2019-08-04', 10);
INSERT INTO `room_quantity` VALUES (27, '2019-08-05', 10);
INSERT INTO `room_quantity` VALUES (27, '2019-08-06', 10);
INSERT INTO `room_quantity` VALUES (27, '2019-08-07', 10);
INSERT INTO `room_quantity` VALUES (27, '2019-08-08', 10);
INSERT INTO `room_quantity` VALUES (27, '2019-08-09', 10);
INSERT INTO `room_quantity` VALUES (28, '2019-07-05', 10);
INSERT INTO `room_quantity` VALUES (28, '2019-07-06', 10);
INSERT INTO `room_quantity` VALUES (28, '2019-07-07', 10);
INSERT INTO `room_quantity` VALUES (28, '2019-07-08', 10);
INSERT INTO `room_quantity` VALUES (28, '2019-07-09', 10);
INSERT INTO `room_quantity` VALUES (28, '2019-07-10', 10);
INSERT INTO `room_quantity` VALUES (28, '2019-07-11', 10);
INSERT INTO `room_quantity` VALUES (28, '2019-07-12', 10);
INSERT INTO `room_quantity` VALUES (28, '2019-07-13', 10);
INSERT INTO `room_quantity` VALUES (28, '2019-07-14', 10);
INSERT INTO `room_quantity` VALUES (28, '2019-07-15', 10);
INSERT INTO `room_quantity` VALUES (28, '2019-07-16', 10);
INSERT INTO `room_quantity` VALUES (28, '2019-07-17', 10);
INSERT INTO `room_quantity` VALUES (28, '2019-07-18', 10);
INSERT INTO `room_quantity` VALUES (28, '2019-07-19', 10);
INSERT INTO `room_quantity` VALUES (28, '2019-07-20', 10);
INSERT INTO `room_quantity` VALUES (28, '2019-07-21', 10);
INSERT INTO `room_quantity` VALUES (28, '2019-07-22', 10);
INSERT INTO `room_quantity` VALUES (28, '2019-07-23', 10);
INSERT INTO `room_quantity` VALUES (28, '2019-07-24', 10);
INSERT INTO `room_quantity` VALUES (28, '2019-07-25', 10);
INSERT INTO `room_quantity` VALUES (28, '2019-07-26', 10);
INSERT INTO `room_quantity` VALUES (28, '2019-07-27', 10);
INSERT INTO `room_quantity` VALUES (28, '2019-07-28', 10);
INSERT INTO `room_quantity` VALUES (28, '2019-07-29', 10);
INSERT INTO `room_quantity` VALUES (28, '2019-07-30', 10);
INSERT INTO `room_quantity` VALUES (28, '2019-07-31', 10);
INSERT INTO `room_quantity` VALUES (28, '2019-08-01', 10);
INSERT INTO `room_quantity` VALUES (28, '2019-08-02', 10);
INSERT INTO `room_quantity` VALUES (28, '2019-08-03', 10);
INSERT INTO `room_quantity` VALUES (28, '2019-08-04', 10);
INSERT INTO `room_quantity` VALUES (28, '2019-08-05', 10);
INSERT INTO `room_quantity` VALUES (28, '2019-08-06', 10);
INSERT INTO `room_quantity` VALUES (28, '2019-08-07', 10);
INSERT INTO `room_quantity` VALUES (28, '2019-08-08', 10);
INSERT INTO `room_quantity` VALUES (28, '2019-08-09', 10);
INSERT INTO `room_quantity` VALUES (29, '2019-07-05', 10);
INSERT INTO `room_quantity` VALUES (29, '2019-07-06', 10);
INSERT INTO `room_quantity` VALUES (29, '2019-07-07', 10);
INSERT INTO `room_quantity` VALUES (29, '2019-07-08', 10);
INSERT INTO `room_quantity` VALUES (29, '2019-07-09', 10);
INSERT INTO `room_quantity` VALUES (29, '2019-07-10', 10);
INSERT INTO `room_quantity` VALUES (29, '2019-07-11', 10);
INSERT INTO `room_quantity` VALUES (29, '2019-07-12', 10);
INSERT INTO `room_quantity` VALUES (29, '2019-07-13', 10);
INSERT INTO `room_quantity` VALUES (29, '2019-07-14', 10);
INSERT INTO `room_quantity` VALUES (29, '2019-07-15', 10);
INSERT INTO `room_quantity` VALUES (29, '2019-07-16', 10);
INSERT INTO `room_quantity` VALUES (29, '2019-07-17', 10);
INSERT INTO `room_quantity` VALUES (29, '2019-07-18', 10);
INSERT INTO `room_quantity` VALUES (29, '2019-07-19', 10);
INSERT INTO `room_quantity` VALUES (29, '2019-07-20', 10);
INSERT INTO `room_quantity` VALUES (29, '2019-07-21', 10);
INSERT INTO `room_quantity` VALUES (29, '2019-07-22', 10);
INSERT INTO `room_quantity` VALUES (29, '2019-07-23', 10);
INSERT INTO `room_quantity` VALUES (29, '2019-07-24', 10);
INSERT INTO `room_quantity` VALUES (29, '2019-07-25', 10);
INSERT INTO `room_quantity` VALUES (29, '2019-07-26', 10);
INSERT INTO `room_quantity` VALUES (29, '2019-07-27', 10);
INSERT INTO `room_quantity` VALUES (29, '2019-07-28', 10);
INSERT INTO `room_quantity` VALUES (29, '2019-07-29', 10);
INSERT INTO `room_quantity` VALUES (29, '2019-07-30', 10);
INSERT INTO `room_quantity` VALUES (29, '2019-07-31', 10);
INSERT INTO `room_quantity` VALUES (29, '2019-08-01', 10);
INSERT INTO `room_quantity` VALUES (29, '2019-08-02', 10);
INSERT INTO `room_quantity` VALUES (29, '2019-08-03', 10);
INSERT INTO `room_quantity` VALUES (29, '2019-08-04', 10);
INSERT INTO `room_quantity` VALUES (29, '2019-08-05', 10);
INSERT INTO `room_quantity` VALUES (29, '2019-08-06', 10);
INSERT INTO `room_quantity` VALUES (29, '2019-08-07', 10);
INSERT INTO `room_quantity` VALUES (29, '2019-08-08', 10);
INSERT INTO `room_quantity` VALUES (29, '2019-08-09', 10);
INSERT INTO `room_quantity` VALUES (30, '2019-07-05', 10);
INSERT INTO `room_quantity` VALUES (30, '2019-07-06', 10);
INSERT INTO `room_quantity` VALUES (30, '2019-07-07', 10);
INSERT INTO `room_quantity` VALUES (30, '2019-07-08', 10);
INSERT INTO `room_quantity` VALUES (30, '2019-07-09', 10);
INSERT INTO `room_quantity` VALUES (30, '2019-07-10', 10);
INSERT INTO `room_quantity` VALUES (30, '2019-07-11', 10);
INSERT INTO `room_quantity` VALUES (30, '2019-07-12', 10);
INSERT INTO `room_quantity` VALUES (30, '2019-07-13', 10);
INSERT INTO `room_quantity` VALUES (30, '2019-07-14', 10);
INSERT INTO `room_quantity` VALUES (30, '2019-07-15', 10);
INSERT INTO `room_quantity` VALUES (30, '2019-07-16', 10);
INSERT INTO `room_quantity` VALUES (30, '2019-07-17', 10);
INSERT INTO `room_quantity` VALUES (30, '2019-07-18', 10);
INSERT INTO `room_quantity` VALUES (30, '2019-07-19', 10);
INSERT INTO `room_quantity` VALUES (30, '2019-07-20', 10);
INSERT INTO `room_quantity` VALUES (30, '2019-07-21', 10);
INSERT INTO `room_quantity` VALUES (30, '2019-07-22', 10);
INSERT INTO `room_quantity` VALUES (30, '2019-07-23', 10);
INSERT INTO `room_quantity` VALUES (30, '2019-07-24', 10);
INSERT INTO `room_quantity` VALUES (30, '2019-07-25', 10);
INSERT INTO `room_quantity` VALUES (30, '2019-07-26', 10);
INSERT INTO `room_quantity` VALUES (30, '2019-07-27', 10);
INSERT INTO `room_quantity` VALUES (30, '2019-07-28', 10);
INSERT INTO `room_quantity` VALUES (30, '2019-07-29', 10);
INSERT INTO `room_quantity` VALUES (30, '2019-07-30', 10);
INSERT INTO `room_quantity` VALUES (30, '2019-07-31', 10);
INSERT INTO `room_quantity` VALUES (30, '2019-08-01', 10);
INSERT INTO `room_quantity` VALUES (30, '2019-08-02', 10);
INSERT INTO `room_quantity` VALUES (30, '2019-08-03', 10);
INSERT INTO `room_quantity` VALUES (30, '2019-08-04', 10);
INSERT INTO `room_quantity` VALUES (30, '2019-08-05', 10);
INSERT INTO `room_quantity` VALUES (30, '2019-08-06', 10);
INSERT INTO `room_quantity` VALUES (30, '2019-08-07', 10);
INSERT INTO `room_quantity` VALUES (30, '2019-08-08', 10);
INSERT INTO `room_quantity` VALUES (30, '2019-08-09', 10);
INSERT INTO `room_quantity` VALUES (31, '2019-07-05', 10);
INSERT INTO `room_quantity` VALUES (31, '2019-07-06', 10);
INSERT INTO `room_quantity` VALUES (31, '2019-07-07', 10);
INSERT INTO `room_quantity` VALUES (31, '2019-07-08', 10);
INSERT INTO `room_quantity` VALUES (31, '2019-07-09', 10);
INSERT INTO `room_quantity` VALUES (31, '2019-07-10', 10);
INSERT INTO `room_quantity` VALUES (31, '2019-07-11', 10);
INSERT INTO `room_quantity` VALUES (31, '2019-07-12', 10);
INSERT INTO `room_quantity` VALUES (31, '2019-07-13', 10);
INSERT INTO `room_quantity` VALUES (31, '2019-07-14', 10);
INSERT INTO `room_quantity` VALUES (31, '2019-07-15', 10);
INSERT INTO `room_quantity` VALUES (31, '2019-07-16', 10);
INSERT INTO `room_quantity` VALUES (31, '2019-07-17', 10);
INSERT INTO `room_quantity` VALUES (31, '2019-07-18', 10);
INSERT INTO `room_quantity` VALUES (31, '2019-07-19', 10);
INSERT INTO `room_quantity` VALUES (31, '2019-07-20', 10);
INSERT INTO `room_quantity` VALUES (31, '2019-07-21', 10);
INSERT INTO `room_quantity` VALUES (31, '2019-07-22', 10);
INSERT INTO `room_quantity` VALUES (31, '2019-07-23', 10);
INSERT INTO `room_quantity` VALUES (31, '2019-07-24', 10);
INSERT INTO `room_quantity` VALUES (31, '2019-07-25', 10);
INSERT INTO `room_quantity` VALUES (31, '2019-07-26', 10);
INSERT INTO `room_quantity` VALUES (31, '2019-07-27', 10);
INSERT INTO `room_quantity` VALUES (31, '2019-07-28', 10);
INSERT INTO `room_quantity` VALUES (31, '2019-07-29', 10);
INSERT INTO `room_quantity` VALUES (31, '2019-07-30', 10);
INSERT INTO `room_quantity` VALUES (31, '2019-07-31', 10);
INSERT INTO `room_quantity` VALUES (31, '2019-08-01', 10);
INSERT INTO `room_quantity` VALUES (31, '2019-08-02', 10);
INSERT INTO `room_quantity` VALUES (31, '2019-08-03', 10);
INSERT INTO `room_quantity` VALUES (31, '2019-08-04', 10);
INSERT INTO `room_quantity` VALUES (31, '2019-08-05', 10);
INSERT INTO `room_quantity` VALUES (31, '2019-08-06', 10);
INSERT INTO `room_quantity` VALUES (31, '2019-08-07', 10);
INSERT INTO `room_quantity` VALUES (31, '2019-08-08', 10);
INSERT INTO `room_quantity` VALUES (31, '2019-08-09', 10);
INSERT INTO `room_quantity` VALUES (32, '2019-07-05', 10);
INSERT INTO `room_quantity` VALUES (32, '2019-07-06', 10);
INSERT INTO `room_quantity` VALUES (32, '2019-07-07', 10);
INSERT INTO `room_quantity` VALUES (32, '2019-07-08', 10);
INSERT INTO `room_quantity` VALUES (32, '2019-07-09', 10);
INSERT INTO `room_quantity` VALUES (32, '2019-07-10', 10);
INSERT INTO `room_quantity` VALUES (32, '2019-07-11', 10);
INSERT INTO `room_quantity` VALUES (32, '2019-07-12', 10);
INSERT INTO `room_quantity` VALUES (32, '2019-07-13', 10);
INSERT INTO `room_quantity` VALUES (32, '2019-07-14', 10);
INSERT INTO `room_quantity` VALUES (32, '2019-07-15', 10);
INSERT INTO `room_quantity` VALUES (32, '2019-07-16', 10);
INSERT INTO `room_quantity` VALUES (32, '2019-07-17', 10);
INSERT INTO `room_quantity` VALUES (32, '2019-07-18', 10);
INSERT INTO `room_quantity` VALUES (32, '2019-07-19', 10);
INSERT INTO `room_quantity` VALUES (32, '2019-07-20', 10);
INSERT INTO `room_quantity` VALUES (32, '2019-07-21', 10);
INSERT INTO `room_quantity` VALUES (32, '2019-07-22', 10);
INSERT INTO `room_quantity` VALUES (32, '2019-07-23', 10);
INSERT INTO `room_quantity` VALUES (32, '2019-07-24', 10);
INSERT INTO `room_quantity` VALUES (32, '2019-07-25', 10);
INSERT INTO `room_quantity` VALUES (32, '2019-07-26', 10);
INSERT INTO `room_quantity` VALUES (32, '2019-07-27', 10);
INSERT INTO `room_quantity` VALUES (32, '2019-07-28', 10);
INSERT INTO `room_quantity` VALUES (32, '2019-07-29', 10);
INSERT INTO `room_quantity` VALUES (32, '2019-07-30', 10);
INSERT INTO `room_quantity` VALUES (32, '2019-07-31', 10);
INSERT INTO `room_quantity` VALUES (32, '2019-08-01', 10);
INSERT INTO `room_quantity` VALUES (32, '2019-08-02', 10);
INSERT INTO `room_quantity` VALUES (32, '2019-08-03', 10);
INSERT INTO `room_quantity` VALUES (32, '2019-08-04', 10);
INSERT INTO `room_quantity` VALUES (32, '2019-08-05', 10);
INSERT INTO `room_quantity` VALUES (32, '2019-08-06', 10);
INSERT INTO `room_quantity` VALUES (32, '2019-08-07', 10);
INSERT INTO `room_quantity` VALUES (32, '2019-08-08', 10);
INSERT INTO `room_quantity` VALUES (32, '2019-08-09', 10);
INSERT INTO `room_quantity` VALUES (33, '2019-07-05', 10);
INSERT INTO `room_quantity` VALUES (33, '2019-07-06', 10);
INSERT INTO `room_quantity` VALUES (33, '2019-07-07', 10);
INSERT INTO `room_quantity` VALUES (33, '2019-07-08', 10);
INSERT INTO `room_quantity` VALUES (33, '2019-07-09', 10);
INSERT INTO `room_quantity` VALUES (33, '2019-07-10', 10);
INSERT INTO `room_quantity` VALUES (33, '2019-07-11', 10);
INSERT INTO `room_quantity` VALUES (33, '2019-07-12', 10);
INSERT INTO `room_quantity` VALUES (33, '2019-07-13', 10);
INSERT INTO `room_quantity` VALUES (33, '2019-07-14', 10);
INSERT INTO `room_quantity` VALUES (33, '2019-07-15', 10);
INSERT INTO `room_quantity` VALUES (33, '2019-07-16', 10);
INSERT INTO `room_quantity` VALUES (33, '2019-07-17', 10);
INSERT INTO `room_quantity` VALUES (33, '2019-07-18', 10);
INSERT INTO `room_quantity` VALUES (33, '2019-07-19', 10);
INSERT INTO `room_quantity` VALUES (33, '2019-07-20', 10);
INSERT INTO `room_quantity` VALUES (33, '2019-07-21', 10);
INSERT INTO `room_quantity` VALUES (33, '2019-07-22', 10);
INSERT INTO `room_quantity` VALUES (33, '2019-07-23', 10);
INSERT INTO `room_quantity` VALUES (33, '2019-07-24', 10);
INSERT INTO `room_quantity` VALUES (33, '2019-07-25', 10);
INSERT INTO `room_quantity` VALUES (33, '2019-07-26', 10);
INSERT INTO `room_quantity` VALUES (33, '2019-07-27', 10);
INSERT INTO `room_quantity` VALUES (33, '2019-07-28', 10);
INSERT INTO `room_quantity` VALUES (33, '2019-07-29', 10);
INSERT INTO `room_quantity` VALUES (33, '2019-07-30', 10);
INSERT INTO `room_quantity` VALUES (33, '2019-07-31', 10);
INSERT INTO `room_quantity` VALUES (33, '2019-08-01', 10);
INSERT INTO `room_quantity` VALUES (33, '2019-08-02', 10);
INSERT INTO `room_quantity` VALUES (33, '2019-08-03', 10);
INSERT INTO `room_quantity` VALUES (33, '2019-08-04', 10);
INSERT INTO `room_quantity` VALUES (33, '2019-08-05', 10);
INSERT INTO `room_quantity` VALUES (33, '2019-08-06', 10);
INSERT INTO `room_quantity` VALUES (33, '2019-08-07', 10);
INSERT INTO `room_quantity` VALUES (33, '2019-08-08', 10);
INSERT INTO `room_quantity` VALUES (33, '2019-08-09', 10);
INSERT INTO `room_quantity` VALUES (34, '2019-07-05', 10);
INSERT INTO `room_quantity` VALUES (34, '2019-07-06', 10);
INSERT INTO `room_quantity` VALUES (34, '2019-07-07', 10);
INSERT INTO `room_quantity` VALUES (34, '2019-07-08', 10);
INSERT INTO `room_quantity` VALUES (34, '2019-07-09', 10);
INSERT INTO `room_quantity` VALUES (34, '2019-07-10', 10);
INSERT INTO `room_quantity` VALUES (34, '2019-07-11', 10);
INSERT INTO `room_quantity` VALUES (34, '2019-07-12', 10);
INSERT INTO `room_quantity` VALUES (34, '2019-07-13', 10);
INSERT INTO `room_quantity` VALUES (34, '2019-07-14', 10);
INSERT INTO `room_quantity` VALUES (34, '2019-07-15', 10);
INSERT INTO `room_quantity` VALUES (34, '2019-07-16', 10);
INSERT INTO `room_quantity` VALUES (34, '2019-07-17', 10);
INSERT INTO `room_quantity` VALUES (34, '2019-07-18', 10);
INSERT INTO `room_quantity` VALUES (34, '2019-07-19', 10);
INSERT INTO `room_quantity` VALUES (34, '2019-07-20', 10);
INSERT INTO `room_quantity` VALUES (34, '2019-07-21', 10);
INSERT INTO `room_quantity` VALUES (34, '2019-07-22', 10);
INSERT INTO `room_quantity` VALUES (34, '2019-07-23', 10);
INSERT INTO `room_quantity` VALUES (34, '2019-07-24', 10);
INSERT INTO `room_quantity` VALUES (34, '2019-07-25', 10);
INSERT INTO `room_quantity` VALUES (34, '2019-07-26', 10);
INSERT INTO `room_quantity` VALUES (34, '2019-07-27', 10);
INSERT INTO `room_quantity` VALUES (34, '2019-07-28', 10);
INSERT INTO `room_quantity` VALUES (34, '2019-07-29', 10);
INSERT INTO `room_quantity` VALUES (34, '2019-07-30', 10);
INSERT INTO `room_quantity` VALUES (34, '2019-07-31', 10);
INSERT INTO `room_quantity` VALUES (34, '2019-08-01', 10);
INSERT INTO `room_quantity` VALUES (34, '2019-08-02', 10);
INSERT INTO `room_quantity` VALUES (34, '2019-08-03', 10);
INSERT INTO `room_quantity` VALUES (34, '2019-08-04', 10);
INSERT INTO `room_quantity` VALUES (34, '2019-08-05', 10);
INSERT INTO `room_quantity` VALUES (34, '2019-08-06', 10);
INSERT INTO `room_quantity` VALUES (34, '2019-08-07', 10);
INSERT INTO `room_quantity` VALUES (34, '2019-08-08', 10);
INSERT INTO `room_quantity` VALUES (34, '2019-08-09', 10);
INSERT INTO `room_quantity` VALUES (35, '2019-07-05', 10);
INSERT INTO `room_quantity` VALUES (35, '2019-07-06', 10);
INSERT INTO `room_quantity` VALUES (35, '2019-07-07', 10);
INSERT INTO `room_quantity` VALUES (35, '2019-07-08', 10);
INSERT INTO `room_quantity` VALUES (35, '2019-07-09', 10);
INSERT INTO `room_quantity` VALUES (35, '2019-07-10', 10);
INSERT INTO `room_quantity` VALUES (35, '2019-07-11', 10);
INSERT INTO `room_quantity` VALUES (35, '2019-07-12', 10);
INSERT INTO `room_quantity` VALUES (35, '2019-07-13', 10);
INSERT INTO `room_quantity` VALUES (35, '2019-07-14', 10);
INSERT INTO `room_quantity` VALUES (35, '2019-07-15', 10);
INSERT INTO `room_quantity` VALUES (35, '2019-07-16', 10);
INSERT INTO `room_quantity` VALUES (35, '2019-07-17', 10);
INSERT INTO `room_quantity` VALUES (35, '2019-07-18', 10);
INSERT INTO `room_quantity` VALUES (35, '2019-07-19', 10);
INSERT INTO `room_quantity` VALUES (35, '2019-07-20', 10);
INSERT INTO `room_quantity` VALUES (35, '2019-07-21', 10);
INSERT INTO `room_quantity` VALUES (35, '2019-07-22', 10);
INSERT INTO `room_quantity` VALUES (35, '2019-07-23', 10);
INSERT INTO `room_quantity` VALUES (35, '2019-07-24', 10);
INSERT INTO `room_quantity` VALUES (35, '2019-07-25', 10);
INSERT INTO `room_quantity` VALUES (35, '2019-07-26', 10);
INSERT INTO `room_quantity` VALUES (35, '2019-07-27', 10);
INSERT INTO `room_quantity` VALUES (35, '2019-07-28', 10);
INSERT INTO `room_quantity` VALUES (35, '2019-07-29', 10);
INSERT INTO `room_quantity` VALUES (35, '2019-07-30', 10);
INSERT INTO `room_quantity` VALUES (35, '2019-07-31', 10);
INSERT INTO `room_quantity` VALUES (35, '2019-08-01', 10);
INSERT INTO `room_quantity` VALUES (35, '2019-08-02', 10);
INSERT INTO `room_quantity` VALUES (35, '2019-08-03', 10);
INSERT INTO `room_quantity` VALUES (35, '2019-08-04', 10);
INSERT INTO `room_quantity` VALUES (35, '2019-08-05', 10);
INSERT INTO `room_quantity` VALUES (35, '2019-08-06', 10);
INSERT INTO `room_quantity` VALUES (35, '2019-08-07', 10);
INSERT INTO `room_quantity` VALUES (35, '2019-08-08', 10);
INSERT INTO `room_quantity` VALUES (35, '2019-08-09', 10);
INSERT INTO `room_quantity` VALUES (36, '2019-07-05', 10);
INSERT INTO `room_quantity` VALUES (36, '2019-07-06', 10);
INSERT INTO `room_quantity` VALUES (36, '2019-07-07', 10);
INSERT INTO `room_quantity` VALUES (36, '2019-07-08', 10);
INSERT INTO `room_quantity` VALUES (36, '2019-07-09', 10);
INSERT INTO `room_quantity` VALUES (36, '2019-07-10', 10);
INSERT INTO `room_quantity` VALUES (36, '2019-07-11', 10);
INSERT INTO `room_quantity` VALUES (36, '2019-07-12', 10);
INSERT INTO `room_quantity` VALUES (36, '2019-07-13', 10);
INSERT INTO `room_quantity` VALUES (36, '2019-07-14', 10);
INSERT INTO `room_quantity` VALUES (36, '2019-07-15', 10);
INSERT INTO `room_quantity` VALUES (36, '2019-07-16', 10);
INSERT INTO `room_quantity` VALUES (36, '2019-07-17', 10);
INSERT INTO `room_quantity` VALUES (36, '2019-07-18', 10);
INSERT INTO `room_quantity` VALUES (36, '2019-07-19', 10);
INSERT INTO `room_quantity` VALUES (36, '2019-07-20', 10);
INSERT INTO `room_quantity` VALUES (36, '2019-07-21', 10);
INSERT INTO `room_quantity` VALUES (36, '2019-07-22', 10);
INSERT INTO `room_quantity` VALUES (36, '2019-07-23', 10);
INSERT INTO `room_quantity` VALUES (36, '2019-07-24', 10);
INSERT INTO `room_quantity` VALUES (36, '2019-07-25', 10);
INSERT INTO `room_quantity` VALUES (36, '2019-07-26', 10);
INSERT INTO `room_quantity` VALUES (36, '2019-07-27', 10);
INSERT INTO `room_quantity` VALUES (36, '2019-07-28', 10);
INSERT INTO `room_quantity` VALUES (36, '2019-07-29', 10);
INSERT INTO `room_quantity` VALUES (36, '2019-07-30', 10);
INSERT INTO `room_quantity` VALUES (36, '2019-07-31', 10);
INSERT INTO `room_quantity` VALUES (36, '2019-08-01', 10);
INSERT INTO `room_quantity` VALUES (36, '2019-08-02', 10);
INSERT INTO `room_quantity` VALUES (36, '2019-08-03', 10);
INSERT INTO `room_quantity` VALUES (36, '2019-08-04', 10);
INSERT INTO `room_quantity` VALUES (36, '2019-08-05', 10);
INSERT INTO `room_quantity` VALUES (36, '2019-08-06', 10);
INSERT INTO `room_quantity` VALUES (36, '2019-08-07', 10);
INSERT INTO `room_quantity` VALUES (36, '2019-08-08', 10);
INSERT INTO `room_quantity` VALUES (36, '2019-08-09', 10);
INSERT INTO `room_quantity` VALUES (37, '2019-07-05', 10);
INSERT INTO `room_quantity` VALUES (37, '2019-07-06', 10);
INSERT INTO `room_quantity` VALUES (37, '2019-07-07', 10);
INSERT INTO `room_quantity` VALUES (37, '2019-07-08', 10);
INSERT INTO `room_quantity` VALUES (37, '2019-07-09', 10);
INSERT INTO `room_quantity` VALUES (37, '2019-07-10', 10);
INSERT INTO `room_quantity` VALUES (37, '2019-07-11', 10);
INSERT INTO `room_quantity` VALUES (37, '2019-07-12', 10);
INSERT INTO `room_quantity` VALUES (37, '2019-07-13', 10);
INSERT INTO `room_quantity` VALUES (37, '2019-07-14', 10);
INSERT INTO `room_quantity` VALUES (37, '2019-07-15', 10);
INSERT INTO `room_quantity` VALUES (37, '2019-07-16', 10);
INSERT INTO `room_quantity` VALUES (37, '2019-07-17', 10);
INSERT INTO `room_quantity` VALUES (37, '2019-07-18', 10);
INSERT INTO `room_quantity` VALUES (37, '2019-07-19', 10);
INSERT INTO `room_quantity` VALUES (37, '2019-07-20', 10);
INSERT INTO `room_quantity` VALUES (37, '2019-07-21', 10);
INSERT INTO `room_quantity` VALUES (37, '2019-07-22', 10);
INSERT INTO `room_quantity` VALUES (37, '2019-07-23', 10);
INSERT INTO `room_quantity` VALUES (37, '2019-07-24', 10);
INSERT INTO `room_quantity` VALUES (37, '2019-07-25', 10);
INSERT INTO `room_quantity` VALUES (37, '2019-07-26', 10);
INSERT INTO `room_quantity` VALUES (37, '2019-07-27', 10);
INSERT INTO `room_quantity` VALUES (37, '2019-07-28', 10);
INSERT INTO `room_quantity` VALUES (37, '2019-07-29', 10);
INSERT INTO `room_quantity` VALUES (37, '2019-07-30', 10);
INSERT INTO `room_quantity` VALUES (37, '2019-07-31', 10);
INSERT INTO `room_quantity` VALUES (37, '2019-08-01', 10);
INSERT INTO `room_quantity` VALUES (37, '2019-08-02', 10);
INSERT INTO `room_quantity` VALUES (37, '2019-08-03', 10);
INSERT INTO `room_quantity` VALUES (37, '2019-08-04', 10);
INSERT INTO `room_quantity` VALUES (37, '2019-08-05', 10);
INSERT INTO `room_quantity` VALUES (37, '2019-08-06', 10);
INSERT INTO `room_quantity` VALUES (37, '2019-08-07', 10);
INSERT INTO `room_quantity` VALUES (37, '2019-08-08', 10);
INSERT INTO `room_quantity` VALUES (37, '2019-08-09', 10);
INSERT INTO `room_quantity` VALUES (38, '2019-07-05', 10);
INSERT INTO `room_quantity` VALUES (38, '2019-07-06', 10);
INSERT INTO `room_quantity` VALUES (38, '2019-07-07', 10);
INSERT INTO `room_quantity` VALUES (38, '2019-07-08', 10);
INSERT INTO `room_quantity` VALUES (38, '2019-07-09', 10);
INSERT INTO `room_quantity` VALUES (38, '2019-07-10', 10);
INSERT INTO `room_quantity` VALUES (38, '2019-07-11', 10);
INSERT INTO `room_quantity` VALUES (38, '2019-07-12', 10);
INSERT INTO `room_quantity` VALUES (38, '2019-07-13', 10);
INSERT INTO `room_quantity` VALUES (38, '2019-07-14', 10);
INSERT INTO `room_quantity` VALUES (38, '2019-07-15', 10);
INSERT INTO `room_quantity` VALUES (38, '2019-07-16', 10);
INSERT INTO `room_quantity` VALUES (38, '2019-07-17', 10);
INSERT INTO `room_quantity` VALUES (38, '2019-07-18', 10);
INSERT INTO `room_quantity` VALUES (38, '2019-07-19', 10);
INSERT INTO `room_quantity` VALUES (38, '2019-07-20', 10);
INSERT INTO `room_quantity` VALUES (38, '2019-07-21', 10);
INSERT INTO `room_quantity` VALUES (38, '2019-07-22', 10);
INSERT INTO `room_quantity` VALUES (38, '2019-07-23', 10);
INSERT INTO `room_quantity` VALUES (38, '2019-07-24', 10);
INSERT INTO `room_quantity` VALUES (38, '2019-07-25', 10);
INSERT INTO `room_quantity` VALUES (38, '2019-07-26', 10);
INSERT INTO `room_quantity` VALUES (38, '2019-07-27', 10);
INSERT INTO `room_quantity` VALUES (38, '2019-07-28', 10);
INSERT INTO `room_quantity` VALUES (38, '2019-07-29', 10);
INSERT INTO `room_quantity` VALUES (38, '2019-07-30', 10);
INSERT INTO `room_quantity` VALUES (38, '2019-07-31', 10);
INSERT INTO `room_quantity` VALUES (38, '2019-08-01', 10);
INSERT INTO `room_quantity` VALUES (38, '2019-08-02', 10);
INSERT INTO `room_quantity` VALUES (38, '2019-08-03', 10);
INSERT INTO `room_quantity` VALUES (38, '2019-08-04', 10);
INSERT INTO `room_quantity` VALUES (38, '2019-08-05', 10);
INSERT INTO `room_quantity` VALUES (38, '2019-08-06', 10);
INSERT INTO `room_quantity` VALUES (38, '2019-08-07', 10);
INSERT INTO `room_quantity` VALUES (38, '2019-08-08', 10);
INSERT INTO `room_quantity` VALUES (38, '2019-08-09', 10);
INSERT INTO `room_quantity` VALUES (39, '2019-07-05', 10);
INSERT INTO `room_quantity` VALUES (39, '2019-07-06', 10);
INSERT INTO `room_quantity` VALUES (39, '2019-07-07', 10);
INSERT INTO `room_quantity` VALUES (39, '2019-07-08', 10);
INSERT INTO `room_quantity` VALUES (39, '2019-07-09', 10);
INSERT INTO `room_quantity` VALUES (39, '2019-07-10', 10);
INSERT INTO `room_quantity` VALUES (39, '2019-07-11', 10);
INSERT INTO `room_quantity` VALUES (39, '2019-07-12', 10);
INSERT INTO `room_quantity` VALUES (39, '2019-07-13', 10);
INSERT INTO `room_quantity` VALUES (39, '2019-07-14', 10);
INSERT INTO `room_quantity` VALUES (39, '2019-07-15', 10);
INSERT INTO `room_quantity` VALUES (39, '2019-07-16', 10);
INSERT INTO `room_quantity` VALUES (39, '2019-07-17', 10);
INSERT INTO `room_quantity` VALUES (39, '2019-07-18', 10);
INSERT INTO `room_quantity` VALUES (39, '2019-07-19', 10);
INSERT INTO `room_quantity` VALUES (39, '2019-07-20', 10);
INSERT INTO `room_quantity` VALUES (39, '2019-07-21', 10);
INSERT INTO `room_quantity` VALUES (39, '2019-07-22', 10);
INSERT INTO `room_quantity` VALUES (39, '2019-07-23', 10);
INSERT INTO `room_quantity` VALUES (39, '2019-07-24', 10);
INSERT INTO `room_quantity` VALUES (39, '2019-07-25', 10);
INSERT INTO `room_quantity` VALUES (39, '2019-07-26', 10);
INSERT INTO `room_quantity` VALUES (39, '2019-07-27', 10);
INSERT INTO `room_quantity` VALUES (39, '2019-07-28', 10);
INSERT INTO `room_quantity` VALUES (39, '2019-07-29', 10);
INSERT INTO `room_quantity` VALUES (39, '2019-07-30', 10);
INSERT INTO `room_quantity` VALUES (39, '2019-07-31', 10);
INSERT INTO `room_quantity` VALUES (39, '2019-08-01', 10);
INSERT INTO `room_quantity` VALUES (39, '2019-08-02', 10);
INSERT INTO `room_quantity` VALUES (39, '2019-08-03', 10);
INSERT INTO `room_quantity` VALUES (39, '2019-08-04', 10);
INSERT INTO `room_quantity` VALUES (39, '2019-08-05', 10);
INSERT INTO `room_quantity` VALUES (39, '2019-08-06', 10);
INSERT INTO `room_quantity` VALUES (39, '2019-08-07', 10);
INSERT INTO `room_quantity` VALUES (39, '2019-08-08', 10);
INSERT INTO `room_quantity` VALUES (39, '2019-08-09', 10);
INSERT INTO `room_quantity` VALUES (40, '2019-07-05', 10);
INSERT INTO `room_quantity` VALUES (40, '2019-07-06', 10);
INSERT INTO `room_quantity` VALUES (40, '2019-07-07', 10);
INSERT INTO `room_quantity` VALUES (40, '2019-07-08', 10);
INSERT INTO `room_quantity` VALUES (40, '2019-07-09', 10);
INSERT INTO `room_quantity` VALUES (40, '2019-07-10', 10);
INSERT INTO `room_quantity` VALUES (40, '2019-07-11', 10);
INSERT INTO `room_quantity` VALUES (40, '2019-07-12', 10);
INSERT INTO `room_quantity` VALUES (40, '2019-07-13', 10);
INSERT INTO `room_quantity` VALUES (40, '2019-07-14', 10);
INSERT INTO `room_quantity` VALUES (40, '2019-07-15', 10);
INSERT INTO `room_quantity` VALUES (40, '2019-07-16', 10);
INSERT INTO `room_quantity` VALUES (40, '2019-07-17', 10);
INSERT INTO `room_quantity` VALUES (40, '2019-07-18', 10);
INSERT INTO `room_quantity` VALUES (40, '2019-07-19', 10);
INSERT INTO `room_quantity` VALUES (40, '2019-07-20', 10);
INSERT INTO `room_quantity` VALUES (40, '2019-07-21', 10);
INSERT INTO `room_quantity` VALUES (40, '2019-07-22', 10);
INSERT INTO `room_quantity` VALUES (40, '2019-07-23', 10);
INSERT INTO `room_quantity` VALUES (40, '2019-07-24', 10);
INSERT INTO `room_quantity` VALUES (40, '2019-07-25', 10);
INSERT INTO `room_quantity` VALUES (40, '2019-07-26', 10);
INSERT INTO `room_quantity` VALUES (40, '2019-07-27', 10);
INSERT INTO `room_quantity` VALUES (40, '2019-07-28', 10);
INSERT INTO `room_quantity` VALUES (40, '2019-07-29', 10);
INSERT INTO `room_quantity` VALUES (40, '2019-07-30', 10);
INSERT INTO `room_quantity` VALUES (40, '2019-07-31', 10);
INSERT INTO `room_quantity` VALUES (40, '2019-08-01', 10);
INSERT INTO `room_quantity` VALUES (40, '2019-08-02', 10);
INSERT INTO `room_quantity` VALUES (40, '2019-08-03', 10);
INSERT INTO `room_quantity` VALUES (40, '2019-08-04', 10);
INSERT INTO `room_quantity` VALUES (40, '2019-08-05', 10);
INSERT INTO `room_quantity` VALUES (40, '2019-08-06', 10);
INSERT INTO `room_quantity` VALUES (40, '2019-08-07', 10);
INSERT INTO `room_quantity` VALUES (40, '2019-08-08', 10);
INSERT INTO `room_quantity` VALUES (40, '2019-08-09', 10);
INSERT INTO `room_quantity` VALUES (41, '2019-07-05', 10);
INSERT INTO `room_quantity` VALUES (41, '2019-07-06', 10);
INSERT INTO `room_quantity` VALUES (41, '2019-07-07', 10);
INSERT INTO `room_quantity` VALUES (41, '2019-07-08', 10);
INSERT INTO `room_quantity` VALUES (41, '2019-07-09', 10);
INSERT INTO `room_quantity` VALUES (41, '2019-07-10', 10);
INSERT INTO `room_quantity` VALUES (41, '2019-07-11', 10);
INSERT INTO `room_quantity` VALUES (41, '2019-07-12', 10);
INSERT INTO `room_quantity` VALUES (41, '2019-07-13', 10);
INSERT INTO `room_quantity` VALUES (41, '2019-07-14', 10);
INSERT INTO `room_quantity` VALUES (41, '2019-07-15', 10);
INSERT INTO `room_quantity` VALUES (41, '2019-07-16', 10);
INSERT INTO `room_quantity` VALUES (41, '2019-07-17', 10);
INSERT INTO `room_quantity` VALUES (41, '2019-07-18', 10);
INSERT INTO `room_quantity` VALUES (41, '2019-07-19', 10);
INSERT INTO `room_quantity` VALUES (41, '2019-07-20', 10);
INSERT INTO `room_quantity` VALUES (41, '2019-07-21', 10);
INSERT INTO `room_quantity` VALUES (41, '2019-07-22', 10);
INSERT INTO `room_quantity` VALUES (41, '2019-07-23', 10);
INSERT INTO `room_quantity` VALUES (41, '2019-07-24', 10);
INSERT INTO `room_quantity` VALUES (41, '2019-07-25', 10);
INSERT INTO `room_quantity` VALUES (41, '2019-07-26', 10);
INSERT INTO `room_quantity` VALUES (41, '2019-07-27', 10);
INSERT INTO `room_quantity` VALUES (41, '2019-07-28', 10);
INSERT INTO `room_quantity` VALUES (41, '2019-07-29', 10);
INSERT INTO `room_quantity` VALUES (41, '2019-07-30', 10);
INSERT INTO `room_quantity` VALUES (41, '2019-07-31', 10);
INSERT INTO `room_quantity` VALUES (41, '2019-08-01', 10);
INSERT INTO `room_quantity` VALUES (41, '2019-08-02', 10);
INSERT INTO `room_quantity` VALUES (41, '2019-08-03', 10);
INSERT INTO `room_quantity` VALUES (41, '2019-08-04', 10);
INSERT INTO `room_quantity` VALUES (41, '2019-08-05', 10);
INSERT INTO `room_quantity` VALUES (41, '2019-08-06', 10);
INSERT INTO `room_quantity` VALUES (41, '2019-08-07', 10);
INSERT INTO `room_quantity` VALUES (41, '2019-08-08', 10);
INSERT INTO `room_quantity` VALUES (41, '2019-08-09', 10);
INSERT INTO `room_quantity` VALUES (42, '2019-07-05', 10);
INSERT INTO `room_quantity` VALUES (42, '2019-07-06', 10);
INSERT INTO `room_quantity` VALUES (42, '2019-07-07', 10);
INSERT INTO `room_quantity` VALUES (42, '2019-07-08', 10);
INSERT INTO `room_quantity` VALUES (42, '2019-07-09', 10);
INSERT INTO `room_quantity` VALUES (42, '2019-07-10', 10);
INSERT INTO `room_quantity` VALUES (42, '2019-07-11', 10);
INSERT INTO `room_quantity` VALUES (42, '2019-07-12', 10);
INSERT INTO `room_quantity` VALUES (42, '2019-07-13', 10);
INSERT INTO `room_quantity` VALUES (42, '2019-07-14', 10);
INSERT INTO `room_quantity` VALUES (42, '2019-07-15', 10);
INSERT INTO `room_quantity` VALUES (42, '2019-07-16', 10);
INSERT INTO `room_quantity` VALUES (42, '2019-07-17', 10);
INSERT INTO `room_quantity` VALUES (42, '2019-07-18', 10);
INSERT INTO `room_quantity` VALUES (42, '2019-07-19', 10);
INSERT INTO `room_quantity` VALUES (42, '2019-07-20', 10);
INSERT INTO `room_quantity` VALUES (42, '2019-07-21', 10);
INSERT INTO `room_quantity` VALUES (42, '2019-07-22', 10);
INSERT INTO `room_quantity` VALUES (42, '2019-07-23', 10);
INSERT INTO `room_quantity` VALUES (42, '2019-07-24', 10);
INSERT INTO `room_quantity` VALUES (42, '2019-07-25', 10);
INSERT INTO `room_quantity` VALUES (42, '2019-07-26', 10);
INSERT INTO `room_quantity` VALUES (42, '2019-07-27', 10);
INSERT INTO `room_quantity` VALUES (42, '2019-07-28', 10);
INSERT INTO `room_quantity` VALUES (42, '2019-07-29', 10);
INSERT INTO `room_quantity` VALUES (42, '2019-07-30', 10);
INSERT INTO `room_quantity` VALUES (42, '2019-07-31', 10);
INSERT INTO `room_quantity` VALUES (42, '2019-08-01', 10);
INSERT INTO `room_quantity` VALUES (42, '2019-08-02', 10);
INSERT INTO `room_quantity` VALUES (42, '2019-08-03', 10);
INSERT INTO `room_quantity` VALUES (42, '2019-08-04', 10);
INSERT INTO `room_quantity` VALUES (42, '2019-08-05', 10);
INSERT INTO `room_quantity` VALUES (42, '2019-08-06', 10);
INSERT INTO `room_quantity` VALUES (42, '2019-08-07', 10);
INSERT INTO `room_quantity` VALUES (42, '2019-08-08', 10);
INSERT INTO `room_quantity` VALUES (42, '2019-08-09', 10);
INSERT INTO `room_quantity` VALUES (43, '2019-07-05', 10);
INSERT INTO `room_quantity` VALUES (43, '2019-07-06', 10);
INSERT INTO `room_quantity` VALUES (43, '2019-07-07', 10);
INSERT INTO `room_quantity` VALUES (43, '2019-07-08', 10);
INSERT INTO `room_quantity` VALUES (43, '2019-07-09', 10);
INSERT INTO `room_quantity` VALUES (43, '2019-07-10', 10);
INSERT INTO `room_quantity` VALUES (43, '2019-07-11', 10);
INSERT INTO `room_quantity` VALUES (43, '2019-07-12', 10);
INSERT INTO `room_quantity` VALUES (43, '2019-07-13', 10);
INSERT INTO `room_quantity` VALUES (43, '2019-07-14', 10);
INSERT INTO `room_quantity` VALUES (43, '2019-07-15', 10);
INSERT INTO `room_quantity` VALUES (43, '2019-07-16', 10);
INSERT INTO `room_quantity` VALUES (43, '2019-07-17', 10);
INSERT INTO `room_quantity` VALUES (43, '2019-07-18', 10);
INSERT INTO `room_quantity` VALUES (43, '2019-07-19', 10);
INSERT INTO `room_quantity` VALUES (43, '2019-07-20', 10);
INSERT INTO `room_quantity` VALUES (43, '2019-07-21', 10);
INSERT INTO `room_quantity` VALUES (43, '2019-07-22', 10);
INSERT INTO `room_quantity` VALUES (43, '2019-07-23', 10);
INSERT INTO `room_quantity` VALUES (43, '2019-07-24', 10);
INSERT INTO `room_quantity` VALUES (43, '2019-07-25', 10);
INSERT INTO `room_quantity` VALUES (43, '2019-07-26', 10);
INSERT INTO `room_quantity` VALUES (43, '2019-07-27', 10);
INSERT INTO `room_quantity` VALUES (43, '2019-07-28', 10);
INSERT INTO `room_quantity` VALUES (43, '2019-07-29', 10);
INSERT INTO `room_quantity` VALUES (43, '2019-07-30', 10);
INSERT INTO `room_quantity` VALUES (43, '2019-07-31', 10);
INSERT INTO `room_quantity` VALUES (43, '2019-08-01', 10);
INSERT INTO `room_quantity` VALUES (43, '2019-08-02', 10);
INSERT INTO `room_quantity` VALUES (43, '2019-08-03', 10);
INSERT INTO `room_quantity` VALUES (43, '2019-08-04', 10);
INSERT INTO `room_quantity` VALUES (43, '2019-08-05', 10);
INSERT INTO `room_quantity` VALUES (43, '2019-08-06', 10);
INSERT INTO `room_quantity` VALUES (43, '2019-08-07', 10);
INSERT INTO `room_quantity` VALUES (43, '2019-08-08', 10);
INSERT INTO `room_quantity` VALUES (43, '2019-08-09', 10);
INSERT INTO `room_quantity` VALUES (44, '2019-07-05', 10);
INSERT INTO `room_quantity` VALUES (44, '2019-07-06', 10);
INSERT INTO `room_quantity` VALUES (44, '2019-07-07', 10);
INSERT INTO `room_quantity` VALUES (44, '2019-07-08', 10);
INSERT INTO `room_quantity` VALUES (44, '2019-07-09', 10);
INSERT INTO `room_quantity` VALUES (44, '2019-07-10', 10);
INSERT INTO `room_quantity` VALUES (44, '2019-07-11', 10);
INSERT INTO `room_quantity` VALUES (44, '2019-07-12', 10);
INSERT INTO `room_quantity` VALUES (44, '2019-07-13', 10);
INSERT INTO `room_quantity` VALUES (44, '2019-07-14', 10);
INSERT INTO `room_quantity` VALUES (44, '2019-07-15', 10);
INSERT INTO `room_quantity` VALUES (44, '2019-07-16', 10);
INSERT INTO `room_quantity` VALUES (44, '2019-07-17', 10);
INSERT INTO `room_quantity` VALUES (44, '2019-07-18', 10);
INSERT INTO `room_quantity` VALUES (44, '2019-07-19', 10);
INSERT INTO `room_quantity` VALUES (44, '2019-07-20', 10);
INSERT INTO `room_quantity` VALUES (44, '2019-07-21', 10);
INSERT INTO `room_quantity` VALUES (44, '2019-07-22', 10);
INSERT INTO `room_quantity` VALUES (44, '2019-07-23', 10);
INSERT INTO `room_quantity` VALUES (44, '2019-07-24', 10);
INSERT INTO `room_quantity` VALUES (44, '2019-07-25', 10);
INSERT INTO `room_quantity` VALUES (44, '2019-07-26', 10);
INSERT INTO `room_quantity` VALUES (44, '2019-07-27', 10);
INSERT INTO `room_quantity` VALUES (44, '2019-07-28', 10);
INSERT INTO `room_quantity` VALUES (44, '2019-07-29', 10);
INSERT INTO `room_quantity` VALUES (44, '2019-07-30', 10);
INSERT INTO `room_quantity` VALUES (44, '2019-07-31', 10);
INSERT INTO `room_quantity` VALUES (44, '2019-08-01', 10);
INSERT INTO `room_quantity` VALUES (44, '2019-08-02', 10);
INSERT INTO `room_quantity` VALUES (44, '2019-08-03', 10);
INSERT INTO `room_quantity` VALUES (44, '2019-08-04', 10);
INSERT INTO `room_quantity` VALUES (44, '2019-08-05', 10);
INSERT INTO `room_quantity` VALUES (44, '2019-08-06', 10);
INSERT INTO `room_quantity` VALUES (44, '2019-08-07', 10);
INSERT INTO `room_quantity` VALUES (44, '2019-08-08', 10);
INSERT INTO `room_quantity` VALUES (44, '2019-08-09', 10);
INSERT INTO `room_quantity` VALUES (45, '2019-07-05', 10);
INSERT INTO `room_quantity` VALUES (45, '2019-07-06', 10);
INSERT INTO `room_quantity` VALUES (45, '2019-07-07', 10);
INSERT INTO `room_quantity` VALUES (45, '2019-07-08', 10);
INSERT INTO `room_quantity` VALUES (45, '2019-07-09', 10);
INSERT INTO `room_quantity` VALUES (45, '2019-07-10', 10);
INSERT INTO `room_quantity` VALUES (45, '2019-07-11', 10);
INSERT INTO `room_quantity` VALUES (45, '2019-07-12', 10);
INSERT INTO `room_quantity` VALUES (45, '2019-07-13', 10);
INSERT INTO `room_quantity` VALUES (45, '2019-07-14', 10);
INSERT INTO `room_quantity` VALUES (45, '2019-07-15', 10);
INSERT INTO `room_quantity` VALUES (45, '2019-07-16', 10);
INSERT INTO `room_quantity` VALUES (45, '2019-07-17', 10);
INSERT INTO `room_quantity` VALUES (45, '2019-07-18', 10);
INSERT INTO `room_quantity` VALUES (45, '2019-07-19', 10);
INSERT INTO `room_quantity` VALUES (45, '2019-07-20', 10);
INSERT INTO `room_quantity` VALUES (45, '2019-07-21', 10);
INSERT INTO `room_quantity` VALUES (45, '2019-07-22', 10);
INSERT INTO `room_quantity` VALUES (45, '2019-07-23', 10);
INSERT INTO `room_quantity` VALUES (45, '2019-07-24', 10);
INSERT INTO `room_quantity` VALUES (45, '2019-07-25', 10);
INSERT INTO `room_quantity` VALUES (45, '2019-07-26', 10);
INSERT INTO `room_quantity` VALUES (45, '2019-07-27', 10);
INSERT INTO `room_quantity` VALUES (45, '2019-07-28', 10);
INSERT INTO `room_quantity` VALUES (45, '2019-07-29', 10);
INSERT INTO `room_quantity` VALUES (45, '2019-07-30', 10);
INSERT INTO `room_quantity` VALUES (45, '2019-07-31', 10);
INSERT INTO `room_quantity` VALUES (45, '2019-08-01', 10);
INSERT INTO `room_quantity` VALUES (45, '2019-08-02', 10);
INSERT INTO `room_quantity` VALUES (45, '2019-08-03', 10);
INSERT INTO `room_quantity` VALUES (45, '2019-08-04', 10);
INSERT INTO `room_quantity` VALUES (45, '2019-08-05', 10);
INSERT INTO `room_quantity` VALUES (45, '2019-08-06', 10);
INSERT INTO `room_quantity` VALUES (45, '2019-08-07', 10);
INSERT INTO `room_quantity` VALUES (45, '2019-08-08', 10);
INSERT INTO `room_quantity` VALUES (45, '2019-08-09', 10);
INSERT INTO `room_quantity` VALUES (46, '2019-07-05', 10);
INSERT INTO `room_quantity` VALUES (46, '2019-07-06', 10);
INSERT INTO `room_quantity` VALUES (46, '2019-07-07', 10);
INSERT INTO `room_quantity` VALUES (46, '2019-07-08', 10);
INSERT INTO `room_quantity` VALUES (46, '2019-07-09', 10);
INSERT INTO `room_quantity` VALUES (46, '2019-07-10', 10);
INSERT INTO `room_quantity` VALUES (46, '2019-07-11', 10);
INSERT INTO `room_quantity` VALUES (46, '2019-07-12', 10);
INSERT INTO `room_quantity` VALUES (46, '2019-07-13', 10);
INSERT INTO `room_quantity` VALUES (46, '2019-07-14', 10);
INSERT INTO `room_quantity` VALUES (46, '2019-07-15', 10);
INSERT INTO `room_quantity` VALUES (46, '2019-07-16', 10);
INSERT INTO `room_quantity` VALUES (46, '2019-07-17', 10);
INSERT INTO `room_quantity` VALUES (46, '2019-07-18', 10);
INSERT INTO `room_quantity` VALUES (46, '2019-07-19', 10);
INSERT INTO `room_quantity` VALUES (46, '2019-07-20', 10);
INSERT INTO `room_quantity` VALUES (46, '2019-07-21', 10);
INSERT INTO `room_quantity` VALUES (46, '2019-07-22', 10);
INSERT INTO `room_quantity` VALUES (46, '2019-07-23', 10);
INSERT INTO `room_quantity` VALUES (46, '2019-07-24', 10);
INSERT INTO `room_quantity` VALUES (46, '2019-07-25', 10);
INSERT INTO `room_quantity` VALUES (46, '2019-07-26', 10);
INSERT INTO `room_quantity` VALUES (46, '2019-07-27', 10);
INSERT INTO `room_quantity` VALUES (46, '2019-07-28', 10);
INSERT INTO `room_quantity` VALUES (46, '2019-07-29', 10);
INSERT INTO `room_quantity` VALUES (46, '2019-07-30', 10);
INSERT INTO `room_quantity` VALUES (46, '2019-07-31', 10);
INSERT INTO `room_quantity` VALUES (46, '2019-08-01', 10);
INSERT INTO `room_quantity` VALUES (46, '2019-08-02', 10);
INSERT INTO `room_quantity` VALUES (46, '2019-08-03', 10);
INSERT INTO `room_quantity` VALUES (46, '2019-08-04', 10);
INSERT INTO `room_quantity` VALUES (46, '2019-08-05', 10);
INSERT INTO `room_quantity` VALUES (46, '2019-08-06', 10);
INSERT INTO `room_quantity` VALUES (46, '2019-08-07', 10);
INSERT INTO `room_quantity` VALUES (46, '2019-08-08', 10);
INSERT INTO `room_quantity` VALUES (46, '2019-08-09', 10);
INSERT INTO `room_quantity` VALUES (47, '2019-07-05', 10);
INSERT INTO `room_quantity` VALUES (47, '2019-07-06', 10);
INSERT INTO `room_quantity` VALUES (47, '2019-07-07', 10);
INSERT INTO `room_quantity` VALUES (47, '2019-07-08', 10);
INSERT INTO `room_quantity` VALUES (47, '2019-07-09', 10);
INSERT INTO `room_quantity` VALUES (47, '2019-07-10', 10);
INSERT INTO `room_quantity` VALUES (47, '2019-07-11', 10);
INSERT INTO `room_quantity` VALUES (47, '2019-07-12', 10);
INSERT INTO `room_quantity` VALUES (47, '2019-07-13', 10);
INSERT INTO `room_quantity` VALUES (47, '2019-07-14', 10);
INSERT INTO `room_quantity` VALUES (47, '2019-07-15', 10);
INSERT INTO `room_quantity` VALUES (47, '2019-07-16', 10);
INSERT INTO `room_quantity` VALUES (47, '2019-07-17', 10);
INSERT INTO `room_quantity` VALUES (47, '2019-07-18', 10);
INSERT INTO `room_quantity` VALUES (47, '2019-07-19', 10);
INSERT INTO `room_quantity` VALUES (47, '2019-07-20', 10);
INSERT INTO `room_quantity` VALUES (47, '2019-07-21', 10);
INSERT INTO `room_quantity` VALUES (47, '2019-07-22', 10);
INSERT INTO `room_quantity` VALUES (47, '2019-07-23', 10);
INSERT INTO `room_quantity` VALUES (47, '2019-07-24', 10);
INSERT INTO `room_quantity` VALUES (47, '2019-07-25', 10);
INSERT INTO `room_quantity` VALUES (47, '2019-07-26', 10);
INSERT INTO `room_quantity` VALUES (47, '2019-07-27', 10);
INSERT INTO `room_quantity` VALUES (47, '2019-07-28', 10);
INSERT INTO `room_quantity` VALUES (47, '2019-07-29', 10);
INSERT INTO `room_quantity` VALUES (47, '2019-07-30', 10);
INSERT INTO `room_quantity` VALUES (47, '2019-07-31', 10);
INSERT INTO `room_quantity` VALUES (47, '2019-08-01', 10);
INSERT INTO `room_quantity` VALUES (47, '2019-08-02', 10);
INSERT INTO `room_quantity` VALUES (47, '2019-08-03', 10);
INSERT INTO `room_quantity` VALUES (47, '2019-08-04', 10);
INSERT INTO `room_quantity` VALUES (47, '2019-08-05', 10);
INSERT INTO `room_quantity` VALUES (47, '2019-08-06', 10);
INSERT INTO `room_quantity` VALUES (47, '2019-08-07', 10);
INSERT INTO `room_quantity` VALUES (47, '2019-08-08', 10);
INSERT INTO `room_quantity` VALUES (47, '2019-08-09', 10);
INSERT INTO `room_quantity` VALUES (48, '2019-07-05', 10);
INSERT INTO `room_quantity` VALUES (48, '2019-07-06', 10);
INSERT INTO `room_quantity` VALUES (48, '2019-07-07', 10);
INSERT INTO `room_quantity` VALUES (48, '2019-07-08', 10);
INSERT INTO `room_quantity` VALUES (48, '2019-07-09', 10);
INSERT INTO `room_quantity` VALUES (48, '2019-07-10', 10);
INSERT INTO `room_quantity` VALUES (48, '2019-07-11', 10);
INSERT INTO `room_quantity` VALUES (48, '2019-07-12', 10);
INSERT INTO `room_quantity` VALUES (48, '2019-07-13', 10);
INSERT INTO `room_quantity` VALUES (48, '2019-07-14', 10);
INSERT INTO `room_quantity` VALUES (48, '2019-07-15', 10);
INSERT INTO `room_quantity` VALUES (48, '2019-07-16', 10);
INSERT INTO `room_quantity` VALUES (48, '2019-07-17', 10);
INSERT INTO `room_quantity` VALUES (48, '2019-07-18', 10);
INSERT INTO `room_quantity` VALUES (48, '2019-07-19', 10);
INSERT INTO `room_quantity` VALUES (48, '2019-07-20', 10);
INSERT INTO `room_quantity` VALUES (48, '2019-07-21', 10);
INSERT INTO `room_quantity` VALUES (48, '2019-07-22', 10);
INSERT INTO `room_quantity` VALUES (48, '2019-07-23', 10);
INSERT INTO `room_quantity` VALUES (48, '2019-07-24', 10);
INSERT INTO `room_quantity` VALUES (48, '2019-07-25', 10);
INSERT INTO `room_quantity` VALUES (48, '2019-07-26', 10);
INSERT INTO `room_quantity` VALUES (48, '2019-07-27', 10);
INSERT INTO `room_quantity` VALUES (48, '2019-07-28', 10);
INSERT INTO `room_quantity` VALUES (48, '2019-07-29', 10);
INSERT INTO `room_quantity` VALUES (48, '2019-07-30', 10);
INSERT INTO `room_quantity` VALUES (48, '2019-07-31', 10);
INSERT INTO `room_quantity` VALUES (48, '2019-08-01', 10);
INSERT INTO `room_quantity` VALUES (48, '2019-08-02', 10);
INSERT INTO `room_quantity` VALUES (48, '2019-08-03', 10);
INSERT INTO `room_quantity` VALUES (48, '2019-08-04', 10);
INSERT INTO `room_quantity` VALUES (48, '2019-08-05', 10);
INSERT INTO `room_quantity` VALUES (48, '2019-08-06', 10);
INSERT INTO `room_quantity` VALUES (48, '2019-08-07', 10);
INSERT INTO `room_quantity` VALUES (48, '2019-08-08', 10);
INSERT INTO `room_quantity` VALUES (48, '2019-08-09', 10);
INSERT INTO `room_quantity` VALUES (49, '2019-07-05', 10);
INSERT INTO `room_quantity` VALUES (49, '2019-07-06', 10);
INSERT INTO `room_quantity` VALUES (49, '2019-07-07', 10);
INSERT INTO `room_quantity` VALUES (49, '2019-07-08', 10);
INSERT INTO `room_quantity` VALUES (49, '2019-07-09', 10);
INSERT INTO `room_quantity` VALUES (49, '2019-07-10', 10);
INSERT INTO `room_quantity` VALUES (49, '2019-07-11', 10);
INSERT INTO `room_quantity` VALUES (49, '2019-07-12', 10);
INSERT INTO `room_quantity` VALUES (49, '2019-07-13', 10);
INSERT INTO `room_quantity` VALUES (49, '2019-07-14', 10);
INSERT INTO `room_quantity` VALUES (49, '2019-07-15', 10);
INSERT INTO `room_quantity` VALUES (49, '2019-07-16', 10);
INSERT INTO `room_quantity` VALUES (49, '2019-07-17', 10);
INSERT INTO `room_quantity` VALUES (49, '2019-07-18', 10);
INSERT INTO `room_quantity` VALUES (49, '2019-07-19', 10);
INSERT INTO `room_quantity` VALUES (49, '2019-07-20', 10);
INSERT INTO `room_quantity` VALUES (49, '2019-07-21', 10);
INSERT INTO `room_quantity` VALUES (49, '2019-07-22', 10);
INSERT INTO `room_quantity` VALUES (49, '2019-07-23', 10);
INSERT INTO `room_quantity` VALUES (49, '2019-07-24', 10);
INSERT INTO `room_quantity` VALUES (49, '2019-07-25', 10);
INSERT INTO `room_quantity` VALUES (49, '2019-07-26', 10);
INSERT INTO `room_quantity` VALUES (49, '2019-07-27', 10);
INSERT INTO `room_quantity` VALUES (49, '2019-07-28', 10);
INSERT INTO `room_quantity` VALUES (49, '2019-07-29', 10);
INSERT INTO `room_quantity` VALUES (49, '2019-07-30', 10);
INSERT INTO `room_quantity` VALUES (49, '2019-07-31', 10);
INSERT INTO `room_quantity` VALUES (49, '2019-08-01', 10);
INSERT INTO `room_quantity` VALUES (49, '2019-08-02', 10);
INSERT INTO `room_quantity` VALUES (49, '2019-08-03', 10);
INSERT INTO `room_quantity` VALUES (49, '2019-08-04', 10);
INSERT INTO `room_quantity` VALUES (49, '2019-08-05', 10);
INSERT INTO `room_quantity` VALUES (49, '2019-08-06', 10);
INSERT INTO `room_quantity` VALUES (49, '2019-08-07', 10);
INSERT INTO `room_quantity` VALUES (49, '2019-08-08', 10);
INSERT INTO `room_quantity` VALUES (49, '2019-08-09', 10);
INSERT INTO `room_quantity` VALUES (50, '2019-07-05', 10);
INSERT INTO `room_quantity` VALUES (50, '2019-07-06', 10);
INSERT INTO `room_quantity` VALUES (50, '2019-07-07', 10);
INSERT INTO `room_quantity` VALUES (50, '2019-07-08', 10);
INSERT INTO `room_quantity` VALUES (50, '2019-07-09', 10);
INSERT INTO `room_quantity` VALUES (50, '2019-07-10', 10);
INSERT INTO `room_quantity` VALUES (50, '2019-07-11', 10);
INSERT INTO `room_quantity` VALUES (50, '2019-07-12', 10);
INSERT INTO `room_quantity` VALUES (50, '2019-07-13', 10);
INSERT INTO `room_quantity` VALUES (50, '2019-07-14', 10);
INSERT INTO `room_quantity` VALUES (50, '2019-07-15', 10);
INSERT INTO `room_quantity` VALUES (50, '2019-07-16', 10);
INSERT INTO `room_quantity` VALUES (50, '2019-07-17', 10);
INSERT INTO `room_quantity` VALUES (50, '2019-07-18', 10);
INSERT INTO `room_quantity` VALUES (50, '2019-07-19', 10);
INSERT INTO `room_quantity` VALUES (50, '2019-07-20', 10);
INSERT INTO `room_quantity` VALUES (50, '2019-07-21', 10);
INSERT INTO `room_quantity` VALUES (50, '2019-07-22', 10);
INSERT INTO `room_quantity` VALUES (50, '2019-07-23', 10);
INSERT INTO `room_quantity` VALUES (50, '2019-07-24', 10);
INSERT INTO `room_quantity` VALUES (50, '2019-07-25', 10);
INSERT INTO `room_quantity` VALUES (50, '2019-07-26', 10);
INSERT INTO `room_quantity` VALUES (50, '2019-07-27', 10);
INSERT INTO `room_quantity` VALUES (50, '2019-07-28', 10);
INSERT INTO `room_quantity` VALUES (50, '2019-07-29', 10);
INSERT INTO `room_quantity` VALUES (50, '2019-07-30', 10);
INSERT INTO `room_quantity` VALUES (50, '2019-07-31', 10);
INSERT INTO `room_quantity` VALUES (50, '2019-08-01', 10);
INSERT INTO `room_quantity` VALUES (50, '2019-08-02', 10);
INSERT INTO `room_quantity` VALUES (50, '2019-08-03', 10);
INSERT INTO `room_quantity` VALUES (50, '2019-08-04', 10);
INSERT INTO `room_quantity` VALUES (50, '2019-08-05', 10);
INSERT INTO `room_quantity` VALUES (50, '2019-08-06', 10);
INSERT INTO `room_quantity` VALUES (50, '2019-08-07', 10);
INSERT INTO `room_quantity` VALUES (50, '2019-08-08', 10);
INSERT INTO `room_quantity` VALUES (50, '2019-08-09', 10);
INSERT INTO `room_quantity` VALUES (51, '2019-07-05', 10);
INSERT INTO `room_quantity` VALUES (51, '2019-07-06', 10);
INSERT INTO `room_quantity` VALUES (51, '2019-07-07', 10);
INSERT INTO `room_quantity` VALUES (51, '2019-07-08', 10);
INSERT INTO `room_quantity` VALUES (51, '2019-07-09', 10);
INSERT INTO `room_quantity` VALUES (51, '2019-07-10', 10);
INSERT INTO `room_quantity` VALUES (51, '2019-07-11', 10);
INSERT INTO `room_quantity` VALUES (51, '2019-07-12', 10);
INSERT INTO `room_quantity` VALUES (51, '2019-07-13', 10);
INSERT INTO `room_quantity` VALUES (51, '2019-07-14', 10);
INSERT INTO `room_quantity` VALUES (51, '2019-07-15', 10);
INSERT INTO `room_quantity` VALUES (51, '2019-07-16', 10);
INSERT INTO `room_quantity` VALUES (51, '2019-07-17', 10);
INSERT INTO `room_quantity` VALUES (51, '2019-07-18', 10);
INSERT INTO `room_quantity` VALUES (51, '2019-07-19', 10);
INSERT INTO `room_quantity` VALUES (51, '2019-07-20', 10);
INSERT INTO `room_quantity` VALUES (51, '2019-07-21', 10);
INSERT INTO `room_quantity` VALUES (51, '2019-07-22', 10);
INSERT INTO `room_quantity` VALUES (51, '2019-07-23', 10);
INSERT INTO `room_quantity` VALUES (51, '2019-07-24', 10);
INSERT INTO `room_quantity` VALUES (51, '2019-07-25', 10);
INSERT INTO `room_quantity` VALUES (51, '2019-07-26', 10);
INSERT INTO `room_quantity` VALUES (51, '2019-07-27', 10);
INSERT INTO `room_quantity` VALUES (51, '2019-07-28', 10);
INSERT INTO `room_quantity` VALUES (51, '2019-07-29', 10);
INSERT INTO `room_quantity` VALUES (51, '2019-07-30', 10);
INSERT INTO `room_quantity` VALUES (51, '2019-07-31', 10);
INSERT INTO `room_quantity` VALUES (51, '2019-08-01', 10);
INSERT INTO `room_quantity` VALUES (51, '2019-08-02', 10);
INSERT INTO `room_quantity` VALUES (51, '2019-08-03', 10);
INSERT INTO `room_quantity` VALUES (51, '2019-08-04', 10);
INSERT INTO `room_quantity` VALUES (51, '2019-08-05', 10);
INSERT INTO `room_quantity` VALUES (51, '2019-08-06', 10);
INSERT INTO `room_quantity` VALUES (51, '2019-08-07', 10);
INSERT INTO `room_quantity` VALUES (51, '2019-08-08', 10);
INSERT INTO `room_quantity` VALUES (51, '2019-08-09', 10);
INSERT INTO `room_quantity` VALUES (52, '2019-07-05', 10);
INSERT INTO `room_quantity` VALUES (52, '2019-07-06', 10);
INSERT INTO `room_quantity` VALUES (52, '2019-07-07', 10);
INSERT INTO `room_quantity` VALUES (52, '2019-07-08', 10);
INSERT INTO `room_quantity` VALUES (52, '2019-07-09', 10);
INSERT INTO `room_quantity` VALUES (52, '2019-07-10', 10);
INSERT INTO `room_quantity` VALUES (52, '2019-07-11', 10);
INSERT INTO `room_quantity` VALUES (52, '2019-07-12', 10);
INSERT INTO `room_quantity` VALUES (52, '2019-07-13', 10);
INSERT INTO `room_quantity` VALUES (52, '2019-07-14', 10);
INSERT INTO `room_quantity` VALUES (52, '2019-07-15', 10);
INSERT INTO `room_quantity` VALUES (52, '2019-07-16', 10);
INSERT INTO `room_quantity` VALUES (52, '2019-07-17', 10);
INSERT INTO `room_quantity` VALUES (52, '2019-07-18', 10);
INSERT INTO `room_quantity` VALUES (52, '2019-07-19', 10);
INSERT INTO `room_quantity` VALUES (52, '2019-07-20', 10);
INSERT INTO `room_quantity` VALUES (52, '2019-07-21', 10);
INSERT INTO `room_quantity` VALUES (52, '2019-07-22', 10);
INSERT INTO `room_quantity` VALUES (52, '2019-07-23', 10);
INSERT INTO `room_quantity` VALUES (52, '2019-07-24', 10);
INSERT INTO `room_quantity` VALUES (52, '2019-07-25', 10);
INSERT INTO `room_quantity` VALUES (52, '2019-07-26', 10);
INSERT INTO `room_quantity` VALUES (52, '2019-07-27', 10);
INSERT INTO `room_quantity` VALUES (52, '2019-07-28', 10);
INSERT INTO `room_quantity` VALUES (52, '2019-07-29', 10);
INSERT INTO `room_quantity` VALUES (52, '2019-07-30', 10);
INSERT INTO `room_quantity` VALUES (52, '2019-07-31', 10);
INSERT INTO `room_quantity` VALUES (52, '2019-08-01', 10);
INSERT INTO `room_quantity` VALUES (52, '2019-08-02', 10);
INSERT INTO `room_quantity` VALUES (52, '2019-08-03', 10);
INSERT INTO `room_quantity` VALUES (52, '2019-08-04', 10);
INSERT INTO `room_quantity` VALUES (52, '2019-08-05', 10);
INSERT INTO `room_quantity` VALUES (52, '2019-08-06', 10);
INSERT INTO `room_quantity` VALUES (52, '2019-08-07', 10);
INSERT INTO `room_quantity` VALUES (52, '2019-08-08', 10);
INSERT INTO `room_quantity` VALUES (52, '2019-08-09', 10);
INSERT INTO `room_quantity` VALUES (53, '2019-07-05', 10);
INSERT INTO `room_quantity` VALUES (53, '2019-07-06', 10);
INSERT INTO `room_quantity` VALUES (53, '2019-07-07', 10);
INSERT INTO `room_quantity` VALUES (53, '2019-07-08', 10);
INSERT INTO `room_quantity` VALUES (53, '2019-07-09', 10);
INSERT INTO `room_quantity` VALUES (53, '2019-07-10', 10);
INSERT INTO `room_quantity` VALUES (53, '2019-07-11', 10);
INSERT INTO `room_quantity` VALUES (53, '2019-07-12', 10);
INSERT INTO `room_quantity` VALUES (53, '2019-07-13', 10);
INSERT INTO `room_quantity` VALUES (53, '2019-07-14', 10);
INSERT INTO `room_quantity` VALUES (53, '2019-07-15', 10);
INSERT INTO `room_quantity` VALUES (53, '2019-07-16', 10);
INSERT INTO `room_quantity` VALUES (53, '2019-07-17', 10);
INSERT INTO `room_quantity` VALUES (53, '2019-07-18', 10);
INSERT INTO `room_quantity` VALUES (53, '2019-07-19', 10);
INSERT INTO `room_quantity` VALUES (53, '2019-07-20', 10);
INSERT INTO `room_quantity` VALUES (53, '2019-07-21', 10);
INSERT INTO `room_quantity` VALUES (53, '2019-07-22', 10);
INSERT INTO `room_quantity` VALUES (53, '2019-07-23', 10);
INSERT INTO `room_quantity` VALUES (53, '2019-07-24', 10);
INSERT INTO `room_quantity` VALUES (53, '2019-07-25', 10);
INSERT INTO `room_quantity` VALUES (53, '2019-07-26', 10);
INSERT INTO `room_quantity` VALUES (53, '2019-07-27', 10);
INSERT INTO `room_quantity` VALUES (53, '2019-07-28', 10);
INSERT INTO `room_quantity` VALUES (53, '2019-07-29', 10);
INSERT INTO `room_quantity` VALUES (53, '2019-07-30', 10);
INSERT INTO `room_quantity` VALUES (53, '2019-07-31', 10);
INSERT INTO `room_quantity` VALUES (53, '2019-08-01', 10);
INSERT INTO `room_quantity` VALUES (53, '2019-08-02', 10);
INSERT INTO `room_quantity` VALUES (53, '2019-08-03', 10);
INSERT INTO `room_quantity` VALUES (53, '2019-08-04', 10);
INSERT INTO `room_quantity` VALUES (53, '2019-08-05', 10);
INSERT INTO `room_quantity` VALUES (53, '2019-08-06', 10);
INSERT INTO `room_quantity` VALUES (53, '2019-08-07', 10);
INSERT INTO `room_quantity` VALUES (53, '2019-08-08', 10);
INSERT INTO `room_quantity` VALUES (53, '2019-08-09', 10);
INSERT INTO `room_quantity` VALUES (54, '2019-07-05', 10);
INSERT INTO `room_quantity` VALUES (54, '2019-07-06', 10);
INSERT INTO `room_quantity` VALUES (54, '2019-07-07', 10);
INSERT INTO `room_quantity` VALUES (54, '2019-07-08', 10);
INSERT INTO `room_quantity` VALUES (54, '2019-07-09', 10);
INSERT INTO `room_quantity` VALUES (54, '2019-07-10', 10);
INSERT INTO `room_quantity` VALUES (54, '2019-07-11', 10);
INSERT INTO `room_quantity` VALUES (54, '2019-07-12', 10);
INSERT INTO `room_quantity` VALUES (54, '2019-07-13', 10);
INSERT INTO `room_quantity` VALUES (54, '2019-07-14', 10);
INSERT INTO `room_quantity` VALUES (54, '2019-07-15', 10);
INSERT INTO `room_quantity` VALUES (54, '2019-07-16', 10);
INSERT INTO `room_quantity` VALUES (54, '2019-07-17', 10);
INSERT INTO `room_quantity` VALUES (54, '2019-07-18', 10);
INSERT INTO `room_quantity` VALUES (54, '2019-07-19', 10);
INSERT INTO `room_quantity` VALUES (54, '2019-07-20', 10);
INSERT INTO `room_quantity` VALUES (54, '2019-07-21', 10);
INSERT INTO `room_quantity` VALUES (54, '2019-07-22', 10);
INSERT INTO `room_quantity` VALUES (54, '2019-07-23', 10);
INSERT INTO `room_quantity` VALUES (54, '2019-07-24', 10);
INSERT INTO `room_quantity` VALUES (54, '2019-07-25', 10);
INSERT INTO `room_quantity` VALUES (54, '2019-07-26', 10);
INSERT INTO `room_quantity` VALUES (54, '2019-07-27', 10);
INSERT INTO `room_quantity` VALUES (54, '2019-07-28', 10);
INSERT INTO `room_quantity` VALUES (54, '2019-07-29', 10);
INSERT INTO `room_quantity` VALUES (54, '2019-07-30', 10);
INSERT INTO `room_quantity` VALUES (54, '2019-07-31', 10);
INSERT INTO `room_quantity` VALUES (54, '2019-08-01', 10);
INSERT INTO `room_quantity` VALUES (54, '2019-08-02', 10);
INSERT INTO `room_quantity` VALUES (54, '2019-08-03', 10);
INSERT INTO `room_quantity` VALUES (54, '2019-08-04', 10);
INSERT INTO `room_quantity` VALUES (54, '2019-08-05', 10);
INSERT INTO `room_quantity` VALUES (54, '2019-08-06', 10);
INSERT INTO `room_quantity` VALUES (54, '2019-08-07', 10);
INSERT INTO `room_quantity` VALUES (54, '2019-08-08', 10);
INSERT INTO `room_quantity` VALUES (54, '2019-08-09', 10);

-- ----------------------------
-- Table structure for user
-- ----------------------------
DROP TABLE IF EXISTS `user`;
CREATE TABLE `user`  (
  `u_id` int(11) NOT NULL,
  `u_name` varchar(20) CHARACTER SET utf8 COLLATE utf8_general_ci NOT NULL,
  `u_password` char(20) CHARACTER SET utf8 COLLATE utf8_general_ci NOT NULL,
  `uStatus` varchar(20) CHARACTER SET utf8 COLLATE utf8_general_ci NULL DEFAULT '正常',
  PRIMARY KEY (`u_id`) USING BTREE
) ENGINE = InnoDB CHARACTER SET = utf8 COLLATE = utf8_general_ci ROW_FORMAT = Dynamic;

-- ----------------------------
-- Records of user
-- ----------------------------
INSERT INTO `user` VALUES (1, '管理员', '123456', '正常');
INSERT INTO `user` VALUES (2, '雍萌', '123456', '正常');
INSERT INTO `user` VALUES (3, '黄星宇', '123456', '正常');
INSERT INTO `user` VALUES (4, '陈明龙', '123456', '正常');
INSERT INTO `user` VALUES (5, '邓康侯', '123456', '正常');
INSERT INTO `user` VALUES (6, '12', '123456', NULL);
INSERT INTO `user` VALUES (7, '测试员', '123', '正常');

SET FOREIGN_KEY_CHECKS = 1;
